time_iso8601,DE-BB,DE-BE,DE-BW,DE-BY,DE-HB,DE-HE,DE-HH,DE-MV,DE-NI,DE-NW,DE-RP,DE-SH,DE-SL,DE-SN,DE-ST,DE-TH,sum_cases
2020-03-02T17:00:00+0000,2,0,30,34,2,9,2,0,4,116,2,4,3,1,0,0,209
2020-03-03T17:00:00+0000,2,6,54,40,4,13,5,2,10,145,3,5,3,1,0,1,294
2020-03-04T17:00:00+0000,2,9,92,50,4,15,6,4,14,235,7,5,3,1,0,1,448
2020-03-05T17:00:00+0000,4,19,128,69,4,21,11,5,20,332,8,6,3,1,0,1,632
2020-03-06T17:00:00+0000,4,24,179,120,4,22,14,5,27,394,10,8,3,3,0,1,818
2020-03-07T17:00:00+0000,4,25,211,140,4,26,18,5,35,461,12,8,3,5,0,2,959
2020-03-08T17:00:00+0000,8,37,230,160,4,26,23,7,39,487,15,9,4,10,0,2,1061
2020-03-09T17:00:00+0000,12,59,282,247,11,46,44,11,53,584,21,12,9,15,0,2,1408
2020-03-10T17:00:00+0000,21,93,400,358,22,62,73,12,88,759,38,19,11,37,6,11,2010
2020-03-11T17:00:00+0000,29,135,546,478,33,99,103,20,151,961,67,38,21,53,21,12,2767
2020-03-12T17:00:00+0000,54,182,734,615,40,136,144,29,219,1245,131,56,34,80,35,23,3757
2020-03-13T17:00:00+0000,75,241,1048,867,49,215,182,38,311,1665,189,83,51,116,46,33,5209
2020-03-14T17:00:00+0000,89,270,1374,1097,52,298,261,39,388,1988,240,107,63,151,48,51,6516
2020-03-15T17:00:00+0000,110,296,1557,1266,55,322,339,40,456,2229,335,128,80,181,48,52,7494
2020-03-16T17:00:00+0000,130,359,1990,1536,56,449,419,54,613,2840,460,157,104,223,83,70,9543
2020-03-17T17:00:00+0000,195,452,2592,2009,68,617,552,85,789,3748,628,203,127,310,112,101,12588
2020-03-18T17:00:00+0000,241,598,3396,2762,78,841,687,128,1060,4464,786,256,171,441,150,138,16197
2020-03-19T17:00:00+0000,297,778,4053,3582,118,1044,873,162,1309,5605,921,316,215,596,193,192,20254
2020-03-20T17:00:00+0000,361,948,4900,4446,142,1255,1019,178,1575,6480,1101,394,252,739,244,268,24302
2020-03-21T17:00:00+0000,385,1076,5466,5556,164,1390,1125,189,1754,7171,1216,439,290,868,262,306,27657
2020-03-22T17:00:00+0000,406,1144,6014,6115,168,1449,1274,190,1862,7606,1358,473,336,920,276,333,29924
2020-03-23T17:00:00+0000,457,1303,6664,6836,180,1725,1406,203,2105,8487,1554,567,395,1045,342,385,33654
2020-03-24T17:00:00+0000,513,1502,7851,8056,199,1960,1613,240,2399,9285,1759,667,428,1205,404,457,38538
2020-03-25T17:00:00+0000,610,1747,9038,9740,210,2207,1775,264,2776,10324,1929,753,477,1385,455,536,44226
2020-03-26T17:00:00+0000,683,2033,10259,11444,241,2509,1945,288,3149,11369,2144,849,547,1555,513,611,50139
2020-03-27T17:00:00+0000,762,2238,11510,13090,261,2817,2087,330,3560,12469,2414,966,610,1743,591,684,56132
2020-03-28T17:00:00+0000,806,2435,12520,14511,286,3002,2232,351,3907,13219,2579,1048,676,1906,633,752,60863
2020-03-29T17:00:00+0000,833,2522,13180,15375,287,3142,2347,362,4085,13850,2721,1091,753,1977,652,772,63949
2020-03-30T17:00:00+0000,928,2689,14113,16419,295,3325,2418,375,4396,14620,2864,1169,819,2115,724,807,68076
2020-03-31T17:00:00+0000,1057,2902,15338,18270,312,3579,2577,425,4755,15678,3065,1273,949,2294,780,886,74140
2020-04-01T17:00:00+0000,1126,3089,16583,20258,328,3908,2716,448,5124,16834,3317,1376,1058,2479,816,944,80404
2020-04-02T17:00:00+0000,1242,3327,18003,22199,339,4175,2881,477,5457,18041,3506,1488,1229,2702,862,1029,86957
2020-04-03T17:00:00+0000,1378,3566,19277,24066,372,4425,3039,508,5845,19095,3720,1600,1299,2954,906,1099,93149
2020-04-04T17:00:00+0000,1418,3674,20131,25560,387,4649,3147,523,6069,19780,3860,1669,1438,3094,940,1149,97488
2020-04-05T17:00:00+0000,1444,3752,20626,26284,390,4740,3255,525,6211,20288,3966,1705,1525,3162,979,1189,100041
2020-04-06T17:00:00+0000,1519,3896,21192,27414,395,4879,3348,530,6442,21164,4106,1766,1601,3244,1005,1215,103716
2020-04-07T17:00:00+0000,1625,4098,22096,28949,431,5134,3558,565,6814,22078,4286,1878,1676,3386,1050,1288,108912
2020-04-08T17:00:00+0000,1743,4276,23030,30497,437,5437,3675,573,7148,23124,4459,1968,1829,3546,1098,1352,114192
2020-04-09T17:00:00+0000,1858,4452,24032,31768,455,5729,3788,588,7462,24135,4615,2060,1962,3646,1137,1422,119109
2020-04-10T17:00:00+0000,1933,4534,24698,32714,464,5884,3885,599,7722,24750,4746,2094,2053,3776,1162,1449,122463
2020-04-11T17:00:00+0000,1982,4621,25450,33479,477,6035,3964,612,7850,25335,4823,2135,2073,3856,1191,1476,125359
2020-04-12T17:00:00+0000,2026,4675,25878,33898,481,6134,4010,615,8000,25718,4888,2151,2095,3944,1204,1508,127225
2020-04-13T17:00:00+0000,2038,4734,26169,34362,487,6211,4051,619,8080,26011,4961,2249,2122,3984,1215,1528,128821
2020-04-14T17:00:00+0000,2092,4808,26540,35115,494,6371,4128,622,8246,26530,5061,2266,2149,4056,1240,1572,131290
2020-04-15T17:00:00+0000,2158,4921,27162,36080,509,6598,4211,633,8473,27197,5180,2308,2199,4113,1261,1614,134617
2020-04-16T17:00:00+0000,2220,5015,27823,36946,554,6805,4284,642,8715,27936,5295,2359,2248,4215,1286,1695,138038
2020-04-17T17:00:00+0000,2330,5135,28378,37726,566,6995,4391,646,8912,28571,5424,2399,2279,4259,1347,1731,141089
2020-04-18T17:00:00+0000,2391,5217,28769,38247,583,7124,4430,652,9054,29037,5511,2424,2306,4306,1370,1778,143199
2020-04-19T17:00:00+0000,2420,5250,29067,38634,595,7197,4452,652,9150,29376,5537,2433,2308,4329,1385,1794,144579
2020-04-20T17:00:00+0000,2477,5295,29343,39014,602,7276,4485,654,9281,29930,5572,2461,2324,4362,1398,1832,146306
2020-04-21T17:00:00+0000,2543,5371,29737,39516,619,7445,4542,656,9444,30385,5633,2499,2360,4411,1427,1907,148495
2020-04-22T17:00:00+0000,2594,5452,30242,40114,727,7621,4591,660,9604,30861,5718,2534,2405,4462,1443,1963,150991
2020-04-23T17:00:00+0000,2634,5539,30666,40686,744,7746,4640,660,9744,31248,5773,2574,2425,4496,1472,2029,153076
2020-04-24T17:00:00+0000,2719,5612,31033,41214,761,7848,4681,666,9863,31580,5835,2613,2447,4541,1495,2075,154983
2020-04-25T17:00:00+0000,2743,5667,31348,41524,776,7937,4725,673,9930,31802,5865,2629,2461,4563,1514,2100,156257
2020-04-26T17:00:00+0000,2750,5688,31481,41713,790,7961,4742,673,9980,31954,5895,2635,2478,4583,1519,2121,156963
2020-04-27T17:00:00+0000,2788,5744,31651,42054,797,8029,4763,674,10055,32179,5937,2648,2483,4604,1525,2149,158080
2020-04-28T17:00:00+0000,2855,5823,31835,42416,840,8168,4788,687,10155,32445,5968,2669,2490,4638,1538,2226,159541
2020-04-29T17:00:00+0000,2892,5891,32113,42721,882,8290,4830,691,10240,32694,6029,2687,2517,4677,1554,2269,160977
2020-04-30T17:00:00+0000,2927,5948,32371,43013,904,8394,4855,695,10325,33077,6075,2706,2540,4712,1566,2330,162438
2020-05-01T17:00:00+0000,2960,5973,32524,43236,916,8472,4863,699,10364,33308,6114,2719,2553,4734,1577,2344,163356
2020-05-02T17:00:00+0000,2992,6004,32646,43363,919,8513,4876,702,10399,33485,6135,2730,2560,4775,1582,2365,164046
2020-05-03T17:00:00+0000,2986,6040,32693,43438,936,8538,4881,702,10411,33638,6133,2782,2563,4784,1585,2363,164473
2020-05-04T17:00:00+0000,3006,6092,32771,43604,953,8566,4890,706,10504,33810,6161,2797,2568,4791,1590,2393,165202
2020-05-05T17:00:00+0000,3049,6145,32897,43816,963,8656,4911,713,10584,34050,6193,2846,2574,4854,1609,2434,166294
2020-05-06T17:00:00+0000,3075,6203,33025,44082,1017,8760,4933,716,10678,34369,6223,2862,2583,4890,1619,2479,167514
2020-05-07T17:00:00+0000,3087,6261,33202,44315,1046,8843,4950,722,10765,34689,6260,2896,2594,4924,1631,2527,168712
2020-05-08T17:00:00+0000,3103,6265,33408,44524,1074,8929,4962,722,10839,34904,6284,2918,2599,4970,1639,2553,169693
2020-05-09T17:00:00+0000,3108,6282,33536,44647,1089,8976,4972,726,10868,35095,6312,2938,2603,4993,1643,2584,170372
2020-05-10T17:00:00+0000,3111,6290,33588,44725,1101,8991,4975,729,10878,35199,6327,2958,2603,5001,1645,2592,170713
2020-05-11T17:00:00+0000,3120,6307,33685,44913,1104,9023,4979,732,10926,35405,6346,2963,2605,5022,1647,2624,171401
2020-05-12T17:00:00+0000,3126,6344,33786,45126,1124,9105,4981,736,10976,35641,6367,2979,2612,5047,1654,2652,172256
2020-05-13T17:00:00+0000,3136,6402,33914,45314,1153,9175,4995,740,11055,35852,6406,2991,2620,5083,1663,2668,173167
2020-05-14T17:00:00+0000,3152,6447,34018,45522,1176,9221,5005,745,11095,36044,6436,2996,2629,5121,1673,2693,173973
2020-05-15T17:00:00+0000,3159,6463,34124,45657,1197,9290,5017,747,11136,36264,6471,3003,2633,5142,1674,2714,174691
2020-05-16T17:00:00+0000,3172,6479,34178,45758,1216,9324,5023,748,11158,36404,6481,3005,2635,5157,1677,2738,175153
2020-05-17T17:00:00+0000,3173,6487,34210,45816,1226,9398,5024,749,11167,36494,6498,3006,2635,5160,1679,2747,175469
2020-05-18T17:00:00+0000,3179,6520,34251,45904,1237,9459,5025,749,11236,36681,6517,3006,2638,5178,1679,2757,176016
2020-05-19T17:00:00+0000,3183,6566,34354,46012,1256,9533,5028,751,11299,36875,6539,3020,2642,5210,1687,2791,176746
2020-05-20T17:00:00+0000,3196,6614,34442,46206,1274,9635,5041,759,11393,37034,6569,3029,2645,5240,1690,2812,177579
2020-05-21T17:00:00+0000,3199,6624,34484,46299,1290,9663,5043,759,11443,37142,6575,3052,2648,5251,1693,2832,177997
2020-05-22T17:00:00+0000,3204,6660,34548,46416,1294,9714,5046,759,11538,37238,6587,3070,2651,5257,1694,2850,178526
2020-05-23T17:00:00+0000,3209,6668,34597,46494,1297,9765,5049,759,11575,37312,6594,3070,2655,5262,1694,2864,178864
2020-05-24T17:00:00+0000,3210,6671,34614,46588,1310,9779,5049,759,11584,37368,6595,3070,2656,5267,1694,2875,179089
2020-05-25T17:00:00+0000,3217,6693,34649,46676,1312,9809,5050,760,11630,37503,6606,3070,2660,5276,1699,2893,179503
2020-05-26T17:00:00+0000,3222,6715,34706,46810,1322,9885,5053,760,11690,37650,6646,3077,2664,5291,1700,2929,180120
2020-05-27T17:00:00+0000,3228,6757,34786,46925,1348,9931,5054,760,11813,37788,6667,3077,2668,5310,1702,2953,180767
2020-05-28T17:00:00+0000,3234,6782,34850,47013,1374,9989,5054,761,11889,37904,6675,3083,2672,5323,1703,2989,181295
2020-05-29T17:00:00+0000,3237,6813,34889,47090,1403,10027,5059,762,11953,38001,6693,3097,2678,5333,1704,3005,181744
2020-05-30T17:00:00+0000,3242,6836,34913,47173,1427,10061,5060,762,12012,38085,6704,3101,2679,5338,1707,3018,182118
2020-05-31T17:00:00+0000,3243,6863,34924,47210,1435,10072,5066,762,12035,38129,6704,3104,2680,5338,1707,3025,182297
2020-06-01T17:00:00+0000,3243,6865,34931,47230,1436,10074,5068,762,12077,38172,6707,3109,2687,5338,1708,3027,182434
2020-06-02T17:00:00+0000,3247,6906,34948,47267,1447,10100,5070,762,12133,38263,6714,3110,2689,5341,1711,3031,182739
2020-06-03T17:00:00+0000,3252,6961,34979,47321,1465,10135,5080,764,12254,38383,6729,3110,2692,5351,1711,3051,183238
2020-06-04T17:00:00+0000,3255,6993,35027,47405,1499,10164,5086,765,12354,38518,6757,3110,2693,5357,1717,3067,183767
2020-06-05T17:00:00+0000,3258,7028,35061,47462,1514,10188,5091,768,12447,38632,6779,3112,2697,5362,1719,3087,184205
2020-06-06T17:00:00+0000,3259,7044,35092,47485,1519,10207,5092,775,12507,38727,6787,3114,2702,5368,1719,3093,184490
2020-06-07T17:00:00+0000,3259,7052,35105,47524,1534,10215,5093,775,12539,38768,6788,3115,2703,5368,1720,3099,184657
2020-06-08T17:00:00+0000,3261,7081,35117,47565,1535,10251,5096,775,12594,38853,6803,3117,2712,5371,1720,3105,184956
2020-06-09T17:00:00+0000,3267,7138,35148,47610,1550,10268,5098,778,12670,38976,6819,3118,2719,5378,1728,3119,185384
2020-06-10T17:00:00+0000,3272,7215,35199,47685,1567,10305,5102,779,12734,39119,6826,3120,2724,5381,1731,3141,185900
2020-06-11T17:00:00+0000,3277,7265,35213,47720,1575,10314,5109,781,12784,39190,6827,3123,2724,5382,1734,3160,186178
2020-06-12T17:00:00+0000,3285,7307,35244,47753,1583,10339,5113,783,12859,39274,6838,3124,2725,5386,1747,3168,186528
2020-06-13T17:00:00+0000,3290,7375,35254,47775,1591,10358,5116,783,12889,39384,6839,3124,2726,5386,1758,3179,186827
2020-06-14T17:00:00+0000,3291,7387,35274,47793,1594,10364,5117,784,12902,39460,6842,3124,2726,5387,1770,3184,186999
2020-06-15T17:00:00+0000,3302,7418,35291,47827,1595,10372,5118,786,12939,39558,6851,3126,2726,5388,1776,3186,187259
2020-06-16T17:00:00+0000,3314,7493,35330,47870,1609,10412,5121,788,12998,39762,6863,3127,2727,5398,1788,3201,187801
2020-06-17T17:00:00+0000,3321,7578,35355,47913,1621,10469,5128,793,13053,40367,6880,3127,2729,5431,1808,3207,188780
2020-06-18T17:00:00+0000,3335,7706,35380,47959,1628,10517,5136,793,13137,40588,6893,3136,2731,5445,1818,3212,189414
2020-06-19T17:00:00+0000,3352,7843,35415,48000,1638,10575,5140,794,13214,41089,6904,3138,2732,5455,1839,3218,190346
2020-06-20T17:00:00+0000,3366,7878,35451,48033,1646,10595,5144,794,13257,41393,6914,3139,2733,5461,1842,3226,190872
2020-06-21T17:00:00+0000,3366,7898,35463,48061,1649,10602,5148,794,13269,41549,6915,3141,2733,5466,1850,3226,191130
2020-06-22T17:00:00+0000,3370,7961,35488,48102,1655,10622,5151,794,13285,41836,6920,3141,2734,5472,1856,3231,191618
2020-06-23T17:00:00+0000,3383,8033,35524,48149,1655,10660,5160,795,13356,42066,6937,3142,2734,5481,1858,3233,192166
2020-06-24T17:00:00+0000,3393,8091,35568,48205,1657,10687,5171,798,13390,42305,6944,3146,2735,5482,1862,3236,192670
2020-06-25T17:00:00+0000,3396,8153,35611,48264,1660,10726,5175,799,13431,42589,6957,3152,2736,5487,1864,3240,193240
2020-06-26T17:00:00+0000,3402,8196,35685,48350,1661,10755,5183,801,13470,42847,6973,3153,2738,5487,1868,3245,193814
2020-06-27T17:00:00+0000,3403,8213,35720,48393,1663,10774,5185,803,13499,43011,6983,3156,2739,5488,1870,3245,194145
2020-06-28T17:00:00+0000,3405,8215,35731,48424,1663,10776,5192,803,13513,43128,6990,3157,2740,5490,1872,3245,194344
2020-06-29T17:00:00+0000,3410,8268,35747,48485,1664,10796,5193,804,13545,43335,7005,3160,2740,5493,1872,3247,194764
2020-06-30T17:00:00+0000,3414,8303,35795,48571,1669,10826,5196,805,13571,43514,7032,3165,2740,5497,1875,3252,195225
2020-07-01T17:00:00+0000,3423,8349,35843,48634,1673,10876,5205,805,13605,43690,7061,3177,2741,5498,1876,3253,195709
2020-07-02T17:00:00+0000,3431,8406,35876,48703,1677,10905,5207,806,13638,43893,7068,3182,2742,5502,1880,3263,196179
2020-07-03T17:00:00+0000,3441,8447,35916,48786,1677,10936,5209,806,13670,44063,7076,3186,2742,5504,1883,3263,196605
2020-07-04T17:00:00+0000,3447,8478,35938,48856,1680,10953,5210,806,13676,44184,7084,3189,2743,5504,1884,3265,196897
2020-07-05T17:00:00+0000,3447,8480,35942,48884,1681,10963,5213,806,13693,44244,7085,3194,2743,5504,1894,3267,197040
2020-07-06T17:00:00+0000,3452,8513,35983,48967,1681,10990,5216,806,13721,44324,7093,3194,2743,5508,1897,3272,197360
2020-07-07T17:00:00+0000,3454,8550,36019,49057,1683,11019,5220,806,13735,44475,7100,3198,2745,5511,1900,3279,197751
2020-07-08T17:00:00+0000,3454,8596,36064,49127,1686,11071,5223,806,13754,44660,7112,3205,2746,5514,1903,3282,198203
2020-07-09T17:00:00+0000,3459,8630,36117,49216,1690,11110,5225,806,13768,44816,7130,3208,2749,5517,1907,3284,198632
2020-07-10T17:00:00+0000,3462,8664,36155,49307,1691,11152,5227,806,13779,44987,7147,3209,2753,5519,1915,3285,199058
2020-07-11T17:00:00+0000,3466,8668,36179,49368,1691,11180,5227,806,13782,45110,7169,3209,2755,5521,1917,3288,199336
2020-07-12T17:00:00+0000,3467,8669,36195,49386,1692,11183,5227,806,13784,45172,7184,3217,2756,5521,1919,3289,199467
2020-07-13T17:00:00+0000,3469,8696,36240,49447,1693,11214,5228,806,13805,45266,7213,3225,2758,5523,1919,3292,199794
2020-07-14T17:00:00+0000,3475,8721,36306,49534,1693,11254,5230,806,13835,45421,7236,3232,2760,5528,1929,3299,200259
2020-07-15T17:00:00+0000,3479,8745,36352,49641,1699,11302,5231,807,13865,45641,7258,3240,2762,5531,1935,3308,200796
2020-07-16T17:00:00+0000,3481,8761,36411,49739,1703,11342,5237,807,13891,45901,7287,3242,2766,5534,1938,3313,201353
2020-07-17T17:00:00+0000,3486,8781,36492,49818,1711,11380,5241,809,13931,46101,7299,3256,2770,5538,1947,3316,201876
2020-07-18T17:00:00+0000,3493,8800,36550,49867,1720,11413,5242,810,14007,46247,7313,3260,2772,5538,1955,3317,202304
2020-07-19T17:00:00+0000,3493,8800,36578,49911,1722,11422,5244,812,14018,46313,7326,3267,2772,5539,1956,3318,202491
2020-07-20T17:00:00+0000,3520,8831,36645,49989,1723,11446,5249,812,14038,46472,7347,3276,2773,5550,1958,3320,202949
2020-07-21T17:00:00+0000,3534,8864,36698,50074,1727,11473,5258,814,14103,46657,7363,3282,2778,5555,1969,3321,203470
2020-07-22T17:00:00+0000,3545,8891,36800,50153,1729,11545,5282,818,14159,46923,7388,3299,2783,5557,1975,3322,204169
2020-07-23T17:00:00+0000,3550,8938,36891,50253,1735,11602,5294,829,14188,47222,7398,3307,2785,5564,1979,3334,204869
2020-07-24T17:00:00+0000,3551,8999,37002,50387,1744,11673,5316,847,14210,47532,7414,3319,2794,5568,1985,3336,205677
2020-07-25T17:00:00+0000,3552,9017,37053,50541,1749,11707,5331,847,14243,47729,7430,3326,2796,5569,1988,3342,206220
2020-07-26T17:00:00+0000,3554,9020,37071,50626,1749,11712,5335,847,14264,47788,7431,3333,2796,5570,1992,3343,206431
2020-07-27T17:00:00+0000,3558,9061,37152,50700,1754,11771,5342,852,14291,47956,7448,3356,2798,5579,1995,3347,206960
2020-07-28T17:00:00+0000,3567,9125,37220,50802,1760,11835,5357,855,14354,48239,7473,3383,2805,5582,2003,3353,207713
2020-07-29T17:00:00+0000,3568,9192,37320,50920,1765,11919,5387,865,14405,48601,7494,3414,2811,5589,2012,3356,208618
2020-07-30T17:00:00+0000,3577,9241,37415,51021,1776,12000,5408,869,14466,48948,7519,3440,2819,5592,2019,3362,209472
2020-07-31T17:00:00+0000,3581,9317,37518,51166,1783,12084,5427,872,14526,49309,7531,3464,2822,5597,2027,3368,210392
2020-08-01T17:00:00+0000,3583,9351,37561,51238,1784,12134,5444,883,14588,49532,7546,3480,2827,5600,2030,3371,210952
2020-08-02T17:00:00+0000,3586,9351,37572,51308,1784,12155,5450,887,14603,49683,7552,3487,2829,5602,2032,3372,211253
2020-08-03T17:00:00+0000,3591,9399,37628,51432,1788,12224,5493,891,14668,49979,7596,3504,2829,5615,2034,3382,212053
2020-08-04T17:00:00+0000,3604,9456,37695,51602,1792,12298,5529,900,14729,50353,7625,3526,2834,5629,2041,3386,212999
2020-08-05T17:00:00+0000,3612,9523,37787,51720,1794,12414,5587,914,14806,50804,7680,3543,2846,5643,2044,3397,214114
2020-08-06T17:00:00+0000,3629,9606,37867,51853,1800,12536,5647,929,14889,51234,7711,3579,2854,5685,2052,3411,215282
2020-08-07T17:00:00+0000,3648,9708,37948,51932,1802,12659,5681,939,14981,51595,7770,3589,2861,5694,2059,3421,216287
2020-08-08T17:00:00+0000,3653,9727,38006,51979,1805,12735,5715,943,15021,51928,7825,3598,2866,5707,2065,3423,216996
2020-08-09T17:00:00+0000,3654,9733,38030,52012,1806,12753,5729,943,15037,52107,7838,3606,2867,5709,2067,3424,217315
2020-08-10T17:00:00+0000,3661,9829,38111,52196,1814,12854,5763,949,15127,52461,7894,3641,2881,5726,2076,3437,218420
2020-08-11T17:00:00+0000,3669,9934,38232,52373,1821,12952,5792,954,15190,52892,7938,3693,2890,5744,2088,3451,219613
2020-08-12T17:00:00+0000,3689,10078,38383,52577,1824,13106,5840,957,15298,53453,7992,3731,2898,5763,2098,3470,221157
2020-08-13T17:00:00+0000,3699,10167,38531,52814,1830,13291,5866,962,15389,53990,8073,3753,2914,5780,2106,3481,222646
2020-08-14T17:00:00+0000,3707,10242,38685,53033,1837,13440,5900,973,15465,54490,8133,3786,2932,5794,2117,3492,224026
2020-08-15T17:00:00+0000,3712,10275,38779,53121,1843,13501,5910,974,15523,54816,8168,3805,2939,5796,2125,3493,224780
2020-08-16T17:00:00+0000,3717,10278,38810,53283,1847,13549,5918,975,15540,54987,8200,3807,2942,5798,2126,3495,225272
2020-08-17T17:00:00+0000,3733,10377,39032,53652,1853,13737,5935,979,15644,55373,8299,3822,2949,5810,2130,3500,226825
2020-08-18T17:00:00+0000,3751,10453,39309,53966,1867,13876,5967,981,15801,55739,8371,3840,2958,5828,2142,3513,228362
2020-08-19T17:00:00+0000,3770,10524,39605,54364,1879,14084,6002,984,15950,56121,8473,3862,2977,5847,2155,3519,230116
2020-08-20T17:00:00+0000,3788,10634,39863,54758,1886,14299,6031,988,16035,56483,8531,3886,2995,5862,2168,3532,231739
2020-08-21T17:00:00+0000,3803,10711,40170,55070,1894,14508,6065,993,16139,56928,8609,3900,3009,5878,2178,3541,233396
2020-08-22T17:00:00+0000,3815,10743,40354,55263,1901,14640,6081,996,16186,57123,8660,3914,3013,5889,2185,3548,234311
2020-08-23T17:00:00+0000,3819,10744,40494,55387,1906,14693,6103,998,16202,57278,8682,3920,3015,5895,2188,3552,234876
2020-08-24T17:00:00+0000,3832,10839,40727,55744,1914,14866,6129,1000,16327,57554,8741,3942,3019,5914,2196,3562,236306
2020-08-25T17:00:00+0000,3850,10906,41031,56078,1925,15042,6161,1002,16442,57836,8793,3970,3028,5940,2210,3571,237785
2020-08-26T17:00:00+0000,3868,11005,41324,56571,1944,15150,6191,1004,16542,58143,8854,3992,3038,5973,2218,3578,239395
2020-08-27T17:00:00+0000,3881,11081,41655,56981,1958,15273,6210,1006,16654,58458,8908,4010,3052,5999,2223,3592,240941
2020-08-28T17:00:00+0000,3885,11184,41943,57265,1979,15391,6248,1009,16737,58716,9004,4027,3070,6022,2234,3615,242329
2020-08-29T17:00:00+0000,3886,11219,42121,57440,1991,15445,6288,1010,16801,58878,9068,4032,3087,6031,2240,3624,243161
2020-08-30T17:00:00+0000,3887,11224,42268,57552,1992,15486,6307,1011,16832,59015,9093,4041,3087,6034,2245,3624,243698
2020-08-31T17:00:00+0000,3892,11347,42444,57828,2000,15615,6334,1011,16898,59268,9132,4056,3090,6093,2248,3629,244885
2020-09-01T17:00:00+0000,3900,11415,42732,58161,2014,15720,6364,1013,16996,59519,9180,4072,3092,6130,2259,3639,246206
2020-09-02T17:00:00+0000,3910,11500,43038,58507,2037,15803,6419,1018,17098,59800,9216,4098,3104,6160,2264,3650,247622
2020-09-03T17:00:00+0000,3921,11577,43321,58906,2048,15948,6469,1022,17195,60107,9273,4119,3111,6192,2273,3662,249144
2020-09-04T17:00:00+0000,3943,11696,43610,59292,2057,16056,6509,1028,17287,60398,9326,4128,3126,6219,2282,3680,250637
2020-09-05T17:00:00+0000,3947,11743,43875,59601,2068,16129,6544,1032,17353,60610,9373,4136,3132,6231,2285,3684,251743
2020-09-06T17:00:00+0000,3947,11746,43975,59800,2071,16185,6576,1033,17381,60721,9401,4140,3133,6234,2289,3691,252323
2020-09-07T17:00:00+0000,3960,11878,44197,60230,2074,16313,6599,1039,17493,60946,9471,4159,3134,6261,2290,3695,253739
2020-09-08T17:00:00+0000,3975,11934,44438,60693,2086,16404,6656,1044,17568,61158,9523,4180,3141,6305,2309,3705,255119
2020-09-09T17:00:00+0000,3982,12048,44724,61229,2095,16517,6725,1047,17678,61506,9582,4204,3153,6348,2314,3724,256876
2020-09-10T17:00:00+0000,4008,12189,45006,61625,2110,16619,6776,1050,17780,61823,9638,4220,3160,6394,2324,3743,258465
2020-09-11T17:00:00+0000,4016,12278,45273,61986,2118,16748,6830,1060,17901,62214,9720,4231,3170,6463,2345,3767,260120
2020-09-12T17:00:00+0000,4025,12320,45497,62242,2130,16841,6860,1066,17985,62536,9774,4240,3176,6504,2358,3790,261344
2020-09-13T17:00:00+0000,4028,12326,45610,62459,2135,16904,6895,1067,18063,62725,9783,4249,3177,6518,2360,3803,262102
2020-09-14T17:00:00+0000,4039,12421,45803,62854,2137,17006,6941,1069,18178,63098,9833,4273,3181,6564,2368,3820,263585
2020-09-15T17:00:00+0000,4055,12538,46174,63402,2155,17103,6986,1082,18377,63493,9883,4308,3188,6621,2377,3846,265588
2020-09-16T17:00:00+0000,4073,12713,46531,63919,2170,17278,7042,1082,18557,63965,9964,4338,3210,6678,2394,3871,267785
2020-09-17T17:00:00+0000,4084,12889,46904,64454,2174,17424,7123,1098,18729,64566,10024,4374,3224,6754,2422,3896,270139
2020-09-18T17:00:00+0000,4108,13081,47209,64914,2187,17543,7198,1108,18934,65103,10097,4406,3232,6820,2447,3928,272315
2020-09-19T17:00:00+0000,4115,13139,47414,65223,2212,17617,7263,1116,19034,65502,10142,4435,3239,6868,2455,3935,273709
2020-09-20T17:00:00+0000,4117,13167,47528,65389,2217,17651,7294,1116,19102,65682,10151,4452,3240,6892,2461,3941,274400
2020-09-21T17:00:00+0000,4134,13361,47717,65779,2222,17770,7339,1123,19193,66104,10213,4479,3249,6940,2468,3967,276058
2020-09-22T17:00:00+0000,4156,13530,47957,66120,2246,17895,7417,1136,19336,66562,10261,4509,3264,7006,2497,3984,277876
2020-09-23T17:00:00+0000,4182,13715,48286,66546,2257,18065,7492,1143,19528,67097,10328,4557,3272,7086,2523,4005,280082
2020-09-24T17:00:00+0000,4217,13942,48591,66948,2279,18275,7582,1149,19719,67708,10423,4614,3278,7191,2538,4026,282480
2020-09-25T17:00:00+0000,4243,14148,48912,67309,2317,18491,7678,1157,19885,68340,10507,4672,3293,7239,2574,4044,284809
2020-09-26T17:00:00+0000,4247,14231,49191,67548,2362,18626,7753,1165,20056,68901,10572,4695,3302,7283,2615,4051,286598
2020-09-27T17:00:00+0000,4250,14259,49332,67675,2368,18683,7803,1168,20112,69232,10611,4702,3304,7305,2618,4054,287476
2020-09-28T17:00:00+0000,4276,14462,49544,68097,2382,18825,7861,1173,20234,69672,10678,4746,3308,7353,2630,4062,289303
2020-09-29T17:00:00+0000,4316,14678,49799,68441,2431,18973,7952,1209,20375,70272,10742,4792,3332,7421,2662,4077,291472
2020-09-30T17:00:00+0000,4355,14953,50128,68837,2467,19219,8053,1221,20585,71034,10849,4836,3363,7498,2702,4108,294208
2020-10-01T17:00:00+0000,4399,15268,50515,69189,2512,19469,8130,1250,20852,71874,10970,4873,3391,7576,2723,4137,297128
2020-10-02T17:00:00+0000,4448,15609,50936,69536,2552,19706,8283,1265,21101,72614,11076,4912,3417,7670,2756,4167,300048
2020-10-03T17:00:00+0000,4477,15707,51212,69843,2604,19914,8365,1291,21316,73274,11159,4931,3444,7745,2766,4209,302257
2020-10-04T17:00:00+0000,4487,15818,51371,69994,2615,19990,8441,1297,21436,73607,11201,4954,3450,7756,2777,4216,303410
2020-10-05T17:00:00+0000,4522,16133,51664,70355,2629,20170,8539,1306,21558,74309,11306,4989,3464,7853,2795,4226,305818
2020-10-06T17:00:00+0000,4582,16459,52278,70850,2701,20500,8634,1322,21868,75152,11413,5043,3505,8022,2836,4244,309409
2020-10-07T17:00:00+0000,4642,16955,52881,71514,2802,20862,8740,1341,22255,76338,11588,5097,3539,8205,2853,4288,313900
2020-10-08T17:00:00+0000,4717,17414,53477,72201,2876,21219,8868,1368,22616,77628,11795,5160,3576,8455,2880,4336,318586
2020-10-09T17:00:00+0000,4831,17921,54199,72941,2939,21683,8987,1393,22955,79043,11947,5217,3640,8630,2926,4396,323648
2020-10-10T17:00:00+0000,4873,18092,54835,73363,3066,22011,9046,1430,23225,80101,12110,5244,3709,8797,2932,4449,327283
2020-10-11T17:00:00+0000,4894,18241,55138,73674,3072,22142,9128,1440,23429,80849,12214,5266,3751,8883,2969,4457,329547
2020-10-12T17:00:00+0000,5001,18838,55687,74353,3105,22503,9271,1448,23733,81769,12357,5332,3780,9050,2991,4516,333734
2020-10-13T17:00:00+0000,5117,19346,56521,75042,3157,22915,9366,1511,24182,83101,12587,5398,3896,9372,3024,4575,339110
2020-10-14T17:00:00+0000,5247,19932,57462,76195,3259,23640,9560,1572,24703,85059,12799,5469,4007,9730,3078,4653,346365
2020-10-15T17:00:00+0000,5369,20620,58542,77480,3362,24329,9719,1623,25258,87133,13143,5549,4171,10125,3140,4727,354290
2020-10-16T17:00:00+0000,5524,21249,59616,78747,3461,25216,9888,1672,25784,89162,13459,5643,4310,10455,3228,4851,362265
2020-10-17T17:00:00+0000,5598,21416,60412,79730,3552,25672,10043,1707,26202,90778,13763,5694,4397,10790,3284,4921,367959
2020-10-18T17:00:00+0000,5640,21611,60950,80304,3575,25987,10139,1720,26467,91954,13895,5728,4423,10968,3327,4953,371641
2020-10-19T17:00:00+0000,5763,22389,61714,81383,3624,26680,10313,1736,26827,93476,14153,5886,4471,11275,3413,5017,378120
2020-10-20T17:00:00+0000,5972,23286,63085,82846,3714,27559,10543,1824,27411,95681,14520,6011,4623,11871,3489,5134,387569
2020-10-21T17:00:00+0000,6165,24103,64803,85069,3853,28771,10864,1905,28266,98718,15051,6173,4823,12456,3655,5297,399972
2020-10-22T17:00:00+0000,6422,25004,66795,87310,4009,29919,11241,2006,29224,102617,15606,6398,5011,13109,3737,5461,413869
2020-10-23T17:00:00+0000,6653,25928,68745,89426,4135,31510,11658,2091,29995,106455,16158,6591,5232,13706,3970,5659,427912
2020-10-24T17:00:00+0000,6806,26209,70074,91092,4318,32712,11905,2156,30849,109971,16618,6742,5353,14297,4047,5864,439013
2020-10-25T17:00:00+0000,6882,26539,70995,92502,4381,33257,12117,2181,31250,112511,16931,6820,5469,14551,4174,5932,446492
2020-10-26T17:00:00+0000,7058,27563,72810,94792,4480,34548,12436,2228,31913,115262,17387,6976,5639,15108,4294,6027,458521
2020-10-27T17:00:00+0000,7399,28695,74934,97518,4673,36024,12949,2380,33001,118959,18115,7260,5919,15919,4479,6283,474507
2020-10-28T17:00:00+0000,7724,29980,77589,100645,4876,37898,13354,2510,34329,123861,18822,7529,6142,17240,4762,6510,493771
2020-10-29T17:00:00+0000,8161,31028,80021,103624,5120,39604,13852,2636,35869,129697,19632,7781,6443,18469,4967,6739,513643
2020-10-30T17:00:00+0000,8497,32099,82733,106764,5319,41294,14321,2804,37332,134928,20561,8084,6708,19364,5203,7074,533085
2020-10-31T17:00:00+0000,8753,32453,84360,109382,5517,42729,14592,2895,38339,138825,21031,8324,6966,20343,5361,7242,547112
2020-11-01T17:00:00+0000,8870,32812,85619,111453,5738,43653,14816,2936,39055,142050,21532,8474,7141,20733,5467,7301,557650
2020-11-02T17:00:00+0000,9103,34227,87522,114284,5871,44871,15214,2985,40077,145899,22100,8648,7321,21690,5591,7506,572909
2020-11-03T17:00:00+0000,9460,35551,90317,117715,6079,46436,15791,3168,41379,150585,22894,8867,7580,22873,5783,7789,592267
2020-11-04T17:00:00+0000,9883,36785,93024,121430,6332,48298,16313,3327,42958,155769,23763,9116,7814,24490,6058,8119,613479
2020-11-05T17:00:00+0000,10368,38090,96018,125385,6599,50045,16817,3457,44392,161619,24638,9374,8146,26021,6372,8424,635765
2020-11-06T17:00:00+0000,10732,39254,98851,129867,6877,51897,17281,3602,45874,166791,25780,9607,8357,27257,6620,8725,657372
2020-11-07T17:00:00+0000,10980,39663,101237,132977,7060,53636,17696,3719,47162,170548,26367,9855,8615,28042,6783,8959,673299
2020-11-08T17:00:00+0000,11108,39955,102398,135161,7131,54485,17961,3757,47823,173499,26930,10009,8780,28534,6887,9057,683475
2020-11-09T17:00:00+0000,11384,41428,104059,138192,7235,56183,18366,3797,48730,177612,27559,10255,8977,29382,7037,9264,699460
2020-11-10T17:00:00+0000,11768,42724,106485,142054,7350,58054,18935,3921,50098,181962,28446,10464,9260,30698,7310,9563,719092
2020-11-11T17:00:00+0000,12175,44399,109515,146659,7572,59936,19379,4039,51736,187121,29577,10749,9574,31867,7579,9917,741794
2020-11-12T17:00:00+0000,12571,45961,112531,151257,7833,61758,19845,4205,53419,192850,30764,10976,9856,33296,7856,10323,765301
2020-11-13T17:00:00+0000,13016,47355,115253,155341,7987,63635,20292,4321,54838,197986,31887,11264,10061,34700,8048,10710,786694
2020-11-14T17:00:00+0000,13318,47816,117244,158495,8176,65066,20535,4408,55932,202190,32548,11453,10254,35853,8251,10959,802498
2020-11-15T17:00:00+0000,13419,48407,118374,160027,8258,65906,20735,4440,56361,204548,33041,11553,10364,36466,8390,11080,811369
2020-11-16T17:00:00+0000,13781,50025,119920,162463,8302,67106,21085,4465,57201,208492,33737,11680,10469,37480,8559,11320,826085
2020-11-17T17:00:00+0000,14283,51709,122569,166065,8435,69082,21477,4634,58530,212817,34484,11926,10686,39096,8891,11753,846437
2020-11-18T17:00:00+0000,14866,53063,125773,170834,8714,71337,21972,4799,60128,218337,35492,12159,10901,40397,9184,12171,870127
2020-11-19T17:00:00+0000,15454,54497,128844,175434,8856,73330,22404,4940,61800,224061,36443,12392,11209,42064,9506,12644,893878
2020-11-20T17:00:00+0000,15979,55977,131660,179639,9017,75235,22876,5076,63261,229134,37578,12661,11379,43615,9811,13289,916187
2020-11-21T17:00:00+0000,16331,56433,133768,182428,9175,76683,23058,5166,64296,232299,38289,12803,11486,44932,10068,13766,930981
2020-11-22T17:00:00+0000,16533,56822,134825,184261,9251,77354,23197,5195,64822,234297,38826,12917,11621,45731,10235,13961,939848
2020-11-23T17:00:00+0000,17086,58431,136083,187269,9277,78404,23452,5247,65552,238222,39421,13068,11670,46907,10520,14341,954950
2020-11-24T17:00:00+0000,17557,59931,138355,191114,9421,79781,23846,5394,66734,242493,40240,13288,11864,48586,10859,14920,974383
2020-11-25T17:00:00+0000,18159,61191,141215,195422,9614,81684,24148,5518,68146,247427,41127,13556,12138,50417,11237,15469,996468
2020-11-26T17:00:00+0000,18775,62519,144295,199969,9733,83581,24452,5690,69600,252062,42088,13791,12316,52684,11660,16046,1019261
2020-11-27T17:00:00+0000,19265,63821,146992,203782,9847,85471,24560,5821,70616,256434,42883,14020,12454,54788,12102,16554,1039410
2020-11-28T17:00:00+0000,19601,64308,148971,206668,10001,86742,24663,5929,71467,259868,43591,14189,12674,56360,12392,16925,1054349
2020-11-29T17:00:00+0000,19713,64577,150135,208704,10030,87307,24811,5971,71839,261813,43991,14265,12847,57390,12594,17175,1063162
2020-11-30T17:00:00+0000,20216,65775,151528,211365,10062,88278,25121,6003,72426,264502,44645,14372,12893,58971,12824,17522,1076503
2020-12-01T17:00:00+0000,20851,66875,154042,214976,10223,89643,25453,6142,73437,268384,45477,14577,13121,61266,13237,18022,1095726
2020-12-02T17:00:00+0000,21554,68042,157333,219414,10389,91389,25749,6287,74783,273243,46462,14858,13325,63607,13756,18757,1118948
2020-12-03T17:00:00+0000,22301,69455,160574,223970,10470,93236,26236,6459,76162,278021,47552,15109,13580,66381,14247,19646,1143399
2020-12-04T17:00:00+0000,22907,70919,163705,227775,10601,95035,26590,6615,77241,282533,48655,15382,13823,68714,14865,20341,1165701
2020-12-05T17:00:00+0000,23255,71353,166153,230612,10728,96266,26790,6737,78149,285928,49410,15642,14046,70433,15162,20753,1181417
2020-12-06T17:00:00+0000,23360,71682,167584,233049,10785,96933,27044,6786,78429,287990,49834,15761,14211,71718,15346,21153,1191665
2020-12-07T17:00:00+0000,23908,73034,169383,236017,10831,98159,27315,6850,79274,291369,50597,15937,14296,73806,15793,21587,1208156
2020-12-08T17:00:00+0000,24643,74254,172561,240307,10947,99988,27663,7107,80389,295890,51453,16293,14562,76254,16375,22307,1230993
2020-12-09T17:00:00+0000,25506,75691,176767,245311,11157,102038,28120,7386,81834,301185,52655,16634,14917,79205,17069,23175,1258650
2020-12-10T17:00:00+0000,26464,77122,180697,250219,11342,104256,28576,7619,83523,306991,53991,17093,15440,82530,17641,24239,1287743
2020-12-11T17:00:00+0000,27341,78457,184376,255171,11462,106369,29088,7905,84796,312853,55269,17518,15690,85178,18269,25279,1315021
2020-12-12T17:00:00+0000,27844,78927,187286,258554,11633,108055,29379,8134,85972,316988,56164,17957,15982,87962,18692,26132,1335661
2020-12-13T17:00:00+0000,28159,79230,189211,261217,11690,108796,29671,8241,86393,319507,56736,18099,16142,89537,19039,26489,1348157
2020-12-14T17:00:00+0000,28776,80773,191461,264303,11712,110067,29991,8328,87277,323228,57599,18310,16218,92420,19538,27229,1367230
2020-12-15T17:00:00+0000,29818,81969,195018,269089,11840,111954,30520,8657,88593,328399,58688,18799,16636,95809,20241,28121,1394151
2020-12-16T17:00:00+0000,30962,83542,199107,274399,12061,114569,31015,8988,90549,334516,59996,19316,16945,99307,20953,29294,1425519
2020-12-17T17:00:00+0000,32174,85204,203609,279967,12218,116995,31563,9271,92315,340721,61264,19798,17323,102722,21916,30518,1457578
2020-12-18T17:00:00+0000,33525,86731,207755,284705,12339,119434,32149,9501,93838,346669,62498,20346,17619,105665,22844,31732,1487350
2020-12-19T17:00:00+0000,34290,87232,211042,288357,12445,121223,32523,9688,95212,351081,63229,20781,17816,108219,23369,32605,1509112
2020-12-20T17:00:00+0000,34757,87580,213003,290642,12575,122187,32744,9810,95701,354061,64142,20971,17908,110125,23856,33005,1523067
2020-12-21T17:00:00+0000,35686,89162,215313,293454,12623,123417,33365,9924,96927,358160,65003,21245,18131,112673,24496,33876,1543455
2020-12-22T17:00:00+0000,36961,90607,218756,297767,12740,125499,33996,10296,98584,363730,66023,21827,18505,116465,25432,35269,1572457
2020-12-23T17:00:00+0000,38112,92190,223278,303112,12993,128235,34536,10567,100634,370534,67500,22492,18844,120218,26412,36824,1606481
2020-12-24T17:00:00+0000,38714,92787,226537,306592,13072,130038,34873,10717,102058,374344,68145,22856,19084,122946,27096,37817,1627676
2020-12-25T17:00:00+0000,39344,92967,228225,309330,13103,130888,35087,10877,102861,376574,68714,23031,19239,124291,27706,38662,1640899
2020-12-26T17:00:00+0000,39870,93665,229630,311557,13136,131494,35335,10994,103335,378642,69090,23230,19332,126025,28093,39066,1652494
2020-12-27T17:00:00+0000,40237,94153,230592,313271,13174,131937,35488,11088,103675,380947,69611,23417,19429,127601,28381,39333,1662334
2020-12-28T17:00:00+0000,41266,95294,232501,315593,13234,132770,35974,11184,104561,383560,70260,23684,19497,129827,28917,39954,1678076
2020-12-29T17:00:00+0000,42742,96507,235527,320052,13391,134784,36469,11667,106226,388457,71377,24256,19814,133426,29877,41071,1705643
2020-12-30T17:00:00+0000,44307,97569,239356,325746,13545,137077,37047,12046,108405,394261,72577,24716,20050,136628,30792,42640,1736762
2020-12-31T17:00:00+0000,45094,98055,242155,329622,13656,138750,37389,12285,109858,397424,73344,25068,20199,138558,31386,43583,1756426
2021-01-01T17:00:00+0000,45526,98328,243479,331590,13680,139557,37602,12425,110372,399132,73780,25204,20264,139548,32052,44149,1766688
2021-01-02T17:00:00+0000,45820,98811,244477,333419,13692,140048,37874,12527,110948,401018,74394,25467,20300,140797,32556,44559,1776707
2021-01-03T17:00:00+0000,46053,99270,245555,335156,13729,140546,38077,12594,111332,402831,74753,25668,20395,141802,32946,44842,1785549
2021-01-04T17:00:00+0000,46986,100301,247007,337384,13783,141386,38587,12801,112143,405281,75279,25928,20491,143548,33493,45370,1799768
2021-01-05T17:00:00+0000,48441,101483,250214,341654,13888,143403,39113,13355,113912,410198,76287,26466,20710,146959,34462,46633,1827178
2021-01-06T17:00:00+0000,50021,102859,252785,345166,14042,145617,39600,13802,116154,416211,77430,26998,21160,150088,35232,48024,1855189
2021-01-07T17:00:00+0000,51614,104515,255357,348726,14145,147491,40122,14078,117850,421245,78565,27476,21587,152827,36279,49486,1881363
2021-01-08T17:00:00+0000,52845,105794,258187,352792,14227,149116,40495,14507,119333,425596,79528,27999,22010,155321,37346,50826,1905922
2021-01-09T17:00:00+0000,53659,106220,260359,355811,14298,150340,40700,14698,120804,428656,80239,28404,22300,156685,38001,51412,1922586
2021-01-10T17:00:00+0000,54127,106452,261544,357566,14339,150791,40985,14776,121147,430202,80632,28545,22359,157412,38471,51733,1931081
2021-01-11T17:00:00+0000,54920,107823,262844,359435,14379,151535,41340,14972,121836,432444,81166,28803,22432,158856,39257,52558,1944600
2021-01-12T17:00:00+0000,56190,109000,265410,362769,14475,153124,41730,15365,123365,436502,81979,29207,22605,161428,40314,53726,1967189
2021-01-13T17:00:00+0000,57521,110189,268410,366781,14617,154842,42076,15720,125006,440829,82876,29695,22831,163580,41391,54929,1991293
2021-01-14T17:00:00+0000,58726,111206,270616,370047,14688,156378,42387,16086,126448,444818,83752,30115,23045,165264,42248,55926,2011750
2021-01-15T17:00:00+0000,59772,112103,272655,372941,14778,157698,42778,16396,127893,448345,84466,30527,23257,166614,43019,56834,2030076
2021-01-16T17:00:00+0000,60355,112398,274271,375077,14882,158786,42934,16631,128991,451155,85035,30880,23404,167568,43615,57485,2043467
2021-01-17T17:00:00+0000,60782,112565,275028,376359,14920,159202,43052,16741,129518,452302,85366,31081,23434,168022,43944,57765,2050081
2021-01-18T17:00:00+0000,61566,113228,275851,377502,14940,159664,43344,16910,130185,454018,85720,31318,23514,168743,44496,58242,2059241
2021-01-19T17:00:00+0000,62506,114121,277780,380402,15011,161008,43652,17277,131578,457477,86439,31784,23733,170401,45402,59135,2077706
2021-01-20T17:00:00+0000,63480,114993,279944,383225,15134,162606,43957,17566,132975,461448,87410,32267,23946,171934,46284,60035,2097204
2021-01-21T17:00:00+0000,64294,115667,281911,385689,15235,164016,44243,17837,134241,464723,88174,32763,24184,173065,47179,60798,2114019
2021-01-22T17:00:00+0000,65002,116330,283385,387984,15310,165161,44487,18114,135490,467850,88937,33223,24357,174132,47821,61475,2129058
2021-01-23T17:00:00+0000,65586,116597,284709,389748,15385,165987,44744,18335,136381,470387,89422,33662,24520,174898,48318,61966,2140645
2021-01-24T17:00:00+0000,65778,116654,285233,390776,15422,166260,44905,18471,136703,471291,89675,33818,24572,175331,48584,62195,2145668
2021-01-25T17:00:00+0000,66062,117267,285784,391532,15454,166676,45133,18577,137121,472746,90008,33981,24639,175785,49157,62515,2152437
2021-01-26T17:00:00+0000,66796,117957,287359,394116,15542,167778,45423,18973,138282,475472,90706,34524,24883,177048,49853,63218,2167930
2021-01-27T17:00:00+0000,67460,118612,289103,396503,15634,169055,45737,19205,139736,478541,91395,34987,25081,178241,50556,63925,2183771
2021-01-28T17:00:00+0000,68064,119110,290681,398656,15741,170070,45991,19446,140722,481230,92001,35370,25351,178984,51140,64602,2197159
2021-01-29T17:00:00+0000,68611,119623,292049,400578,15879,171032,46241,19696,141830,483816,92518,35716,25574,179804,51642,65125,2209734
2021-01-30T17:00:00+0000,68959,119799,293276,402294,15957,171858,46384,19841,142770,485950,92934,35976,25755,180408,52035,65545,2219741
2021-01-31T17:00:00+0000,69095,119855,293765,403080,15984,172085,46487,19930,143016,486908,93187,36155,25817,180655,52228,65705,2223952
2021-02-01T17:00:00+0000,69312,120483,294268,403796,16023,172474,46711,20028,143449,488049,93439,36285,25874,181138,52507,65998,2229834
2021-02-02T17:00:00+0000,69795,120995,295506,405729,16145,173440,46937,20311,144518,490310,93961,36645,26096,182107,53051,66622,2242168
2021-02-03T17:00:00+0000,70289,121484,296908,408001,16260,174589,47164,20616,145681,492966,94458,36984,26358,182985,53541,67307,2255591
2021-02-04T17:00:00+0000,70679,121924,298137,409776,16351,175477,47366,20857,146710,495444,94952,37308,26576,183687,53987,67875,2267106
2021-02-05T17:00:00+0000,71036,122313,299172,411245,16447,176212,47559,21082,147620,497583,95397,37568,26778,184348,54402,68364,2277126
2021-02-06T17:00:00+0000,71301,122515,300236,412677,16505,176942,47695,21206,148483,499386,95697,37835,26901,184753,54711,68673,2285516
2021-02-07T17:00:00+0000,71410,122540,300626,413242,16549,177127,47824,21286,148737,499980,95871,37941,26940,184896,54862,68775,2288606
2021-02-08T17:00:00+0000,71577,122963,301045,413710,16559,177374,48027,21373,149004,500817,96103,38076,27009,185123,55034,69020,2292814
2021-02-09T17:00:00+0000,71863,123425,302153,415186,16645,178027,48218,21595,149853,502542,96506,38388,27142,185840,55239,69288,2301910
2021-02-10T17:00:00+0000,72340,123850,303300,416887,16720,178863,48416,21789,151033,504443,96871,38721,27302,186423,55603,69624,2312185
2021-02-11T17:00:00+0000,72666,124229,304277,418275,16790,179509,48621,21973,152046,506330,97245,39076,27448,186994,55910,70161,2321550
2021-02-12T17:00:00+0000,72950,124565,305209,419522,16855,180100,48837,22132,153131,508073,97564,39301,27566,187468,56230,70590,2330093
2021-02-13T17:00:00+0000,73197,124665,305801,420334,16899,180492,48936,22280,153662,509401,97785,39491,27619,187752,56536,70867,2335717
2021-02-14T17:00:00+0000,73326,124700,306124,421005,16972,180710,49101,22342,154193,510179,97993,39607,27644,187881,56675,71018,2339470
2021-02-15T17:00:00+0000,73425,125086,306441,421546,16995,180979,49293,22422,154610,511017,98168,39749,27708,188271,56883,71278,2343871
2021-02-16T17:00:00+0000,73734,125458,307280,422898,17093,181684,49490,22670,155679,512853,98515,39998,27785,188951,57252,71790,2353130
2021-02-17T17:00:00+0000,74078,125902,308161,424537,17188,182442,49728,22890,156676,514945,98880,40244,27910,189593,57612,72351,2363137
2021-02-18T17:00:00+0000,74365,126289,309141,425850,17260,183171,49907,23096,157545,517015,99278,40498,28026,190114,57990,72851,2372396
2021-02-19T17:00:00+0000,74620,126660,310038,427163,17358,183783,50157,23324,158477,518864,99634,40766,28131,190591,58293,73274,2381133
2021-02-20T17:00:00+0000,74869,126836,310940,428211,17455,184397,50301,23437,159436,520612,100017,40964,28212,191036,58598,73603,2388924
2021-02-21T17:00:00+0000,74932,126847,311211,428811,17482,184511,50453,23492,159695,521356,100233,41076,28247,191158,58704,73763,2391971
2021-02-22T17:00:00+0000,75070,127271,311615,429320,17519,184852,50660,23547,160075,522163,100413,41180,28311,191513,58878,73974,2396361
2021-02-23T17:00:00+0000,75370,127749,312693,430843,17639,185637,50934,23826,161109,524133,100745,41463,28427,192296,59237,74467,2406568
2021-02-24T17:00:00+0000,75708,128233,313792,432481,17745,186406,51197,24018,162259,526827,101150,41716,28566,193029,59670,75094,2417891
2021-02-25T17:00:00+0000,76044,128699,314852,433985,17827,187122,51442,24199,163229,528847,101583,41965,28717,193707,60034,75592,2427844
2021-02-26T17:00:00+0000,76284,129178,315804,435471,17925,187929,51645,24405,164238,530735,101930,42231,28851,194237,60375,76064,2437302
2021-02-27T17:00:00+0000,76495,129315,316750,436932,18015,188497,51763,24579,164945,532359,102240,42429,28943,194651,60667,76401,2444981
2021-02-28T17:00:00+0000,76565,129343,317154,437667,18064,188679,51987,24608,165272,533089,102350,42519,28973,194806,60841,76531,2448448
2021-03-01T17:00:00+0000,76747,129857,317589,438210,18078,189085,52203,24691,165594,534013,102537,42623,29022,195166,60972,76750,2453137
2021-03-02T17:00:00+0000,77064,130362,318895,440091,18183,189923,52442,24937,166403,536272,102859,42846,29148,196070,61353,77249,2464097
2021-03-03T17:00:00+0000,77367,130880,320183,441894,18277,190784,52723,25210,167604,538464,103265,43100,29252,196751,61733,77928,2475415
2021-03-04T17:00:00+0000,77675,131322,321340,443624,18338,191580,52952,25379,168473,540639,103629,43330,29348,197346,62118,78434,2485527
2021-03-05T17:00:00+0000,77903,131762,322534,445304,18417,192299,53179,25615,169372,542668,103964,43546,29430,197934,62378,78891,2495196
2021-03-06T17:00:00+0000,78124,131932,323650,446619,18473,193044,53337,25707,170306,544434,104221,43759,29532,198422,62635,79317,2503512
2021-03-07T17:00:00+0000,78191,132022,324008,447378,18494,193237,53504,25734,170505,545168,104390,43830,29556,198566,62821,79478,2506882
2021-03-08T17:00:00+0000,78336,132052,324550,448256,18514,193570,53735,25795,170927,546068,104533,43940,29643,199061,62988,79724,2511692
2021-03-09T17:00:00+0000,78627,132529,326018,450086,18596,194483,53959,26059,171920,548477,104907,44195,29748,199987,63332,80268,2523191
2021-03-10T17:00:00+0000,79073,133140,327608,452551,18694,195589,54251,26261,173144,551390,105381,44466,29869,200967,63776,81030,2537190
2021-03-11T17:00:00+0000,79475,133818,329127,454663,18777,196596,54579,26452,174360,554114,105850,44733,29959,201753,64284,81734,2550274
2021-03-12T17:00:00+0000,79796,134498,330705,456623,18859,197628,54818,26661,175639,556652,106280,44958,29942,202716,64657,82307,2562739
2021-03-13T17:00:00+0000,80132,134764,332077,458284,18942,198559,55004,26823,176690,558862,106621,45229,30029,203256,65076,82869,2573217
2021-03-14T17:00:00+0000,80240,134841,332630,459233,19016,198972,55253,26847,177056,559875,106896,45324,30067,203495,65247,83080,2578072
2021-03-15T17:00:00+0000,80398,135527,333328,460201,19068,199513,55487,26914,177586,561192,107159,45454,30135,204123,65398,83413,2584896
2021-03-16T17:00:00+0000,80921,136179,335460,462845,19166,200785,55915,27213,178796,564309,107687,45768,30268,205380,65831,84200,2600723
2021-03-17T17:00:00+0000,81456,136929,337666,465855,19313,202362,56328,27438,180564,568490,108348,46095,30371,206591,66320,85020,2619146
2021-03-18T17:00:00+0000,82071,137698,339634,468440,19448,203655,56693,27644,182071,571949,108891,46384,30506,208018,66962,85865,2635929
2021-03-19T17:00:00+0000,82522,138327,341575,470818,19561,205047,57010,27904,183469,575275,109516,46667,30598,209222,67446,86703,2651660
2021-03-20T17:00:00+0000,82952,138578,343690,472918,19655,206246,57198,28124,184581,578090,109994,46964,30698,210074,67829,87330,2664921
2021-03-21T17:00:00+0000,83106,138659,344363,474213,19716,206604,57447,28180,184934,579484,110310,47059,30733,210409,68059,87630,2670906
2021-03-22T17:00:00+0000,83320,139588,345224,475197,19772,207306,57743,28288,185626,581493,110649,47216,30800,211268,68330,88025,2679845
2021-03-23T17:00:00+0000,83984,140698,347711,478390,19930,208864,58196,28718,187151,585251,111246,47508,30932,212991,68945,88877,2699392
2021-03-24T17:00:00+0000,84753,141706,350563,481891,20114,210882,58694,29110,189169,590065,112143,47835,31071,214591,69607,89924,2722118
2021-03-25T17:00:00+0000,85367,142663,353165,485469,20288,212551,59297,29474,191233,594817,113067,48211,31202,216196,70295,90804,2744099
2021-03-26T17:00:00+0000,86031,143658,355737,488785,20463,214133,59733,29827,192920,598745,113873,48593,31337,217634,70966,91747,2764182
2021-03-27T17:00:00+0000,86481,144129,357905,491432,20580,215292,60026,30043,194326,602040,114600,48903,31483,218662,71599,92457,2779958
2021-03-28T17:00:00+0000,86738,144232,358991,492832,20657,215851,60321,30113,194775,603635,114973,49061,31522,219199,71861,92821,2787582
2021-03-29T17:00:00+0000,87046,145020,360200,494236,20731,216872,60682,30225,195611,606142,115486,49262,31582,220041,72136,93360,2798632
2021-03-30T17:00:00+0000,87672,145975,362817,497601,20870,218513,61297,30690,197084,610063,116196,49620,31765,221822,72802,94272,2819059
2021-03-31T17:00:00+0000,88531,147092,365879,501705,21024,220517,61826,30938,199039,614864,117182,50018,31969,223645,73459,95465,2843153
2021-04-01T17:00:00+0000,89262,148013,368629,504936,21173,222522,62299,31254,200786,619270,118106,50379,32124,225222,74250,96409,2864634
2021-04-02T17:00:00+0000,89752,148370,370720,507519,21321,223806,62716,31568,202126,622634,118695,50700,32256,226083,74818,97094,2880178
2021-04-03T17:00:00+0000,89991,149056,371849,509334,21381,224426,62995,31663,202809,625171,119296,50903,32343,226834,75245,97563,2890859
2021-04-04T17:00:00+0000,90171,149238,372789,510712,21469,224882,63234,31854,203350,626537,119645,51073,32401,227453,75468,97790,2898066
2021-04-05T17:00:00+0000,90278,149569,373460,511738,21526,225549,63520,31966,203684,628513,119920,51278,32463,227896,75746,98046,2905152
2021-04-06T17:00:00+0000,90468,150195,374793,514120,21569,226413,63840,32081,204545,630885,120304,51477,32575,228791,76086,98523,2916665
2021-04-07T17:00:00+0000,91061,150942,378176,518488,21764,228151,64321,32552,206279,635370,121222,51891,32837,230897,76804,99616,2940371
2021-04-08T17:00:00+0000,91933,151903,381671,523006,21998,230170,64776,33029,208271,640308,122305,52289,33101,233013,77624,100725,2966122
2021-04-09T17:00:00+0000,92594,153013,384819,526699,22161,232102,65242,33496,210159,645177,123132,52645,33305,234643,78530,101729,2989446
2021-04-10T17:00:00+0000,93036,153514,387564,529664,22277,233583,65620,33786,211602,649118,123828,53007,33518,235787,79207,102408,3007519
2021-04-11T17:00:00+0000,93340,153615,388642,531561,22372,234015,65918,33923,212026,651198,124439,53177,33578,236410,79458,102709,3016381
2021-04-12T17:00:00+0000,93552,154425,390160,533380,22481,234967,66208,34160,212711,653927,124941,53380,33665,237486,79806,103163,3028412
2021-04-13T17:00:00+0000,94176,155430,393490,538083,22634,237165,66657,34722,214649,659586,125936,53816,33863,239921,80757,104128,3055013
2021-04-14T17:00:00+0000,95041,156693,397129,543343,22910,239236,67136,35168,216746,665826,127052,54189,34116,242070,81668,105447,3083770
2021-04-15T17:00:00+0000,95680,157797,400775,547840,23100,240955,67548,35603,218679,671410,128125,54532,34370,243658,82412,106442,3108926
2021-04-16T17:00:00+0000,96256,158743,404034,551755,23261,242515,67975,36002,220598,676648,129295,54819,34604,245031,83216,107292,3132044
2021-04-17T17:00:00+0000,96705,159132,406714,554963,23418,243937,68254,36279,221931,680999,129981,55145,34790,246019,83647,107837,3149751
2021-04-18T17:00:00+0000,96940,159245,407852,556765,23508,244545,68523,36389,222362,683330,130418,55317,34851,246555,83870,108125,3158595
2021-04-19T17:00:00+0000,97201,160086,409531,558823,23578,245328,68767,36529,223057,686322,131047,55526,34955,247392,84217,108588,3170947
2021-04-20T17:00:00+0000,97736,161129,414015,563679,23776,247450,69151,37064,224927,692678,132074,55942,35240,249613,84907,109568,3198949
2021-04-21T17:00:00+0000,98557,162319,418445,568329,23993,249896,69596,37542,227236,699343,133218,56321,35562,251660,85866,110576,3228459
2021-04-22T17:00:00+0000,99077,163213,422325,572627,24205,251858,69909,37966,228860,705800,134305,56687,35806,253304,86611,111440,3253993
2021-04-23T17:00:00+0000,99582,164022,425934,575961,24357,253865,70207,38337,230512,711409,135368,57024,36080,254918,87274,112192,3277042
2021-04-24T17:00:00+0000,99971,164447,428877,579004,24509,255327,70492,38581,231877,715609,136147,57353,36245,255979,87804,112831,3295053
2021-04-25T17:00:00+0000,100185,164545,430157,580739,24560,256003,70692,38661,232425,717733,136512,57467,36290,256557,88143,113115,3303784
2021-04-26T17:00:00+0000,100333,165480,432184,582241,24668,256786,70912,38763,233021,720894,137034,57626,36427,257550,88516,113533,3315968
2021-04-27T17:00:00+0000,100853,166471,436381,586242,24826,258987,71240,39370,234672,725987,137865,57992,36705,259799,89401,114446,3341237
2021-04-28T17:00:00+0000,101473,167364,440512,590407,25014,260932,71614,39688,236343,731584,139053,58274,37004,261524,90092,115331,3366209
2021-04-29T17:00:00+0000,101970,168124,444005,593671,25167,262592,71893,39992,237835,736695,140005,58540,37275,262931,90689,116172,3387556
2021-04-30T17:00:00+0000,102331,168762,447384,596230,25263,264152,72186,40338,239234,741098,140687,58801,37504,264417,91264,117049,3406700
2021-05-01T17:00:00+0000,102656,168981,449876,598587,25430,265380,72423,40537,240334,744923,141365,59043,37657,265459,91602,117583,3421836
2021-05-02T17:00:00+0000,102824,169015,450879,599820,25467,265786,72594,40607,240650,746711,141743,59133,37698,265936,91781,117888,3428532
2021-05-03T17:00:00+0000,102949,169718,452295,600883,25507,266309,72822,40705,241142,749188,142164,59292,37781,266709,91953,118271,3437688
2021-05-04T17:00:00+0000,103411,170511,455824,604212,25662,268029,73076,41100,242614,753566,142887,59584,37970,268609,92578,119076,3458709
2021-05-05T17:00:00+0000,103951,171330,459121,607548,25829,269635,73343,41357,244147,758354,143692,59879,38220,270204,93169,119851,3479630
2021-05-06T17:00:00+0000,104326,171933,462114,610165,25933,270960,73632,41583,245353,762270,144452,60106,38413,271403,93662,120519,3496824
2021-05-07T17:00:00+0000,104658,172549,464601,612595,26015,272079,73830,41831,246532,765919,145095,60334,38567,272441,94145,121127,3512318
2021-05-08T17:00:00+0000,104919,172736,466525,614552,26104,273189,73980,41970,247370,768749,145648,60547,38729,273280,94499,121565,3524362
2021-05-09T17:00:00+0000,105058,172761,467293,615547,26140,273523,74154,42025,247616,770198,145916,60655,38771,273634,94621,121782,3529694
2021-05-10T17:00:00+0000,105140,173330,468561,616428,26166,274100,74300,42089,248076,771885,146255,60783,38837,274206,94769,122127,3537052
2021-05-11T17:00:00+0000,105505,173852,471274,619057,26268,275651,74491,42377,249282,775351,146973,61022,39046,275624,95320,122751,3553844
2021-05-12T17:00:00+0000,105907,174518,474055,621496,26387,277095,74682,42582,250464,778973,147708,61229,39245,276720,95746,123420,3570227
2021-05-13T17:00:00+0000,106153,174645,475706,623145,26435,277920,74820,42755,251114,781194,148107,61379,39420,277283,96027,123739,3579842
2021-05-14T17:00:00+0000,106308,175094,476880,624274,26464,278441,74928,42803,251708,782985,148537,61474,39460,277688,96252,124040,3587336
2021-05-15T17:00:00+0000,106523,175175,478110,625707,26477,279137,75020,42912,252302,785209,148891,61604,39607,278272,96442,124309,3595697
2021-05-16T17:00:00+0000,106610,175208,478638,626622,26519,279395,75104,42960,252533,786462,149108,61664,39641,278495,96548,124461,3599968
2021-05-17T17:00:00+0000,106707,175625,479507,627285,26546,279815,75185,43002,252804,787610,149296,61757,39691,278926,96654,124718,3605128
2021-05-18T17:00:00+0000,106960,176101,481568,629183,26620,280765,75324,43241,253633,790055,149805,61959,39865,280090,96944,125199,3617312
2021-05-19T17:00:00+0000,107253,176541,483486,630894,26710,281770,75463,43337,254533,792547,150297,62136,40009,280801,97202,125691,3628670
2021-05-20T17:00:00+0000,107442,176793,484871,632214,26774,282531,75562,43441,255142,794539,150711,62249,40145,281253,97409,125983,3637059
2021-05-21T17:00:00+0000,107598,177111,486152,633259,26818,283199,75663,43521,255670,796376,151070,62411,40279,281588,97571,126273,3644559
2021-05-22T17:00:00+0000,107722,177211,487209,634122,26850,283781,75757,43592,256092,797727,151293,62512,40399,281876,97698,126463,3650304
2021-05-23T17:00:00+0000,107763,177104,487529,634508,26864,283931,75821,43615,256210,798197,151418,62534,40409,282010,97758,126521,3652192
2021-05-24T17:00:00+0000,107785,177184,487793,634847,26880,284018,75865,43623,256277,798746,151523,62608,40428,282043,97788,126576,3653984
2021-05-25T17:00:00+0000,107827,177445,488311,635411,26898,284265,75930,43633,256467,799569,151699,62658,40478,282375,97871,126753,3657590
2021-05-26T17:00:00+0000,107932,177698,489466,636533,26935,285020,76017,43699,256935,801046,151972,62767,40546,282886,98052,127031,3664535
2021-05-27T17:00:00+0000,108089,177916,490592,637661,26988,285704,76086,43752,257376,802672,152247,62849,40622,283316,98209,127229,3671308
2021-05-28T17:00:00+0000,108158,178173,491473,638350,27027,286217,76170,43817,257770,803835,152468,62951,40686,283577,98292,127387,3676351
2021-05-29T17:00:00+0000,108212,178216,492116,638895,27071,286476,76228,43839,258011,804852,152660,63026,40738,283752,98398,127499,3679989
2021-05-30T17:00:00+0000,108242,178225,492375,639272,27083,286572,76248,43846,258106,805260,152779,63065,40750,283788,98423,127532,3681566
2021-05-31T17:00:00+0000,108248,178353,492723,639567,27088,286735,76317,43857,258281,805815,152889,63092,40776,284006,98497,127606,3683850
2021-06-01T17:00:00+0000,108335,178532,493523,640434,27133,287222,76385,43915,258637,807047,153110,63156,40872,284288,98613,127755,3688957
2021-06-02T17:00:00+0000,108414,178746,494269,641135,27153,287644,76454,43936,258939,808181,153363,63242,40937,284508,98684,127854,3693459
2021-06-03T17:00:00+0000,108472,178965,494776,641542,27193,287927,76518,43949,259167,808797,153504,63286,40981,284640,98745,127942,3696404
2021-06-04T17:00:00+0000,108514,179097,494922,641862,27218,288055,76574,43971,259304,809401,153641,63337,41003,284760,98792,128045,3698496
2021-06-05T17:00:00+0000,108541,179134,495328,642282,27235,288189,76598,43988,259430,809888,153767,63370,41037,284884,98868,128125,3700664
2021-06-06T17:00:00+0000,108546,179127,495614,642492,27246,288241,76626,43990,259473,810148,153813,63378,41063,284940,98924,128148,3701769
2021-06-07T17:00:00+0000,108566,179241,495914,642775,27248,288357,76666,43999,259603,810552,153915,63406,41071,285002,98936,128204,3703455
2021-06-08T17:00:00+0000,108545,179343,496612,643558,27281,288697,76730,44017,259777,811367,154029,63466,41115,285160,98988,128281,3706966
2021-06-09T17:00:00+0000,108578,179467,497152,644105,27293,288974,76795,44030,259923,812011,154199,63525,41166,285259,99010,128349,3709836
2021-06-10T17:00:00+0000,108597,179574,497536,644520,27314,289221,76831,44047,260045,812564,154321,63562,41199,285339,99037,128401,3712108
2021-06-11T17:00:00+0000,108618,179662,497899,644813,27335,289378,76875,44059,260146,812995,154419,63601,41231,285400,99057,128458,3713946
2021-06-12T17:00:00+0000,108604,179683,498180,645032,27339,289498,76895,44072,260212,813250,154478,63630,41258,285435,99083,128485,3715134
2021-06-13T17:00:00+0000,108570,179645,498216,645127,27342,289524,76924,44076,260237,813371,154509,63634,41266,285454,99092,128489,3715476
2021-06-14T17:00:00+0000,108539,179648,498345,645286,27346,289689,76936,44070,260317,813448,154531,63644,41271,285466,99114,128519,3716169
2021-06-15T17:00:00+0000,108570,179707,498680,645657,27355,289810,76986,44082,260417,813792,154618,63666,41303,285532,99130,128563,3717868
2021-06-16T17:00:00+0000,108586,179779,498979,645937,27364,289952,77012,44089,260484,814110,154697,63697,41325,285566,99152,128603,3719332
2021-06-17T17:00:00+0000,108592,179805,499227,646136,27370,290066,77057,44093,260548,814384,154765,63720,41339,285602,99164,128618,3720486
2021-06-18T17:00:00+0000,108607,179854,499416,646316,27376,290162,77098,44098,260611,814593,154821,63744,41362,285628,99172,128643,3721501
2021-06-19T17:00:00+0000,108619,179871,499577,646453,27381,290224,77117,44100,260656,814770,154855,63760,41381,285648,99183,128656,3722251
2021-06-20T17:00:00+0000,108622,179872,499616,646537,27384,290246,77127,44102,260662,814830,154880,63765,41382,285652,99183,128660,3722520
2021-06-21T17:00:00+0000,108624,179929,499713,646621,27389,290295,77170,44103,260695,814960,154906,63781,41388,285678,99185,128678,3723115
2021-06-22T17:00:00+0000,108623,179984,499848,646828,27405,290382,77207,44115,260764,815161,154958,63799,41404,285724,99197,128703,3724102
2021-06-23T17:00:00+0000,108633,180035,499997,646985,27414,290467,77234,44120,260817,815352,155012,63813,41416,285739,99202,128718,3724954
2021-06-24T17:00:00+0000,108649,180065,500157,647022,27418,290563,77254,44124,260849,815517,155057,63822,41435,285750,99206,128730,3725618
2021-06-25T17:00:00+0000,108666,180094,500311,647140,27423,290636,77290,44132,260886,815693,155082,63838,41444,285770,99222,128736,3726363
2021-06-26T17:00:00+0000,108673,180098,500370,647215,27424,290692,77294,44140,260914,815815,155097,63853,41451,285825,99224,128727,3726812
2021-06-27T17:00:00+0000,108674,180098,500398,647273,27425,290719,77307,44142,260921,815850,155119,63856,41453,285834,99225,128728,3727022
2021-06-28T17:00:00+0000,108680,180136,500464,647351,27426,290768,77338,44143,260956,815953,155146,63875,41461,285860,99230,128739,3727526
2021-06-29T17:00:00+0000,108678,180172,500606,647516,27441,290827,77366,44148,261017,816145,155182,63894,41506,285885,99231,128756,3728370
2021-06-30T17:00:00+0000,108688,180207,500733,647653,27451,290924,77396,44154,261081,816374,155230,63906,41520,285894,99238,128774,3729223
2021-07-01T17:00:00+0000,108704,180238,500826,647763,27460,291015,77428,44156,261124,816528,155274,63921,41528,285916,99241,128792,3729914
2021-07-02T17:00:00+0000,108715,180275,500929,647865,27467,291113,77443,44156,261176,816659,155309,63938,41541,285930,99248,128796,3730560
2021-07-03T17:00:00+0000,108719,180278,501006,647953,27472,291180,77461,44158,261207,816804,155334,63961,41546,285934,99251,128799,3731063
2021-07-04T17:00:00+0000,108719,180282,501027,648007,27477,291188,77471,44159,261220,816878,155340,63966,41548,285937,99252,128801,3731272
2021-07-05T17:00:00+0000,108728,180350,501080,648089,27483,291239,77509,44159,261255,817000,155375,63978,41551,285951,99256,128809,3731812
2021-07-06T17:00:00+0000,108750,180409,501240,648259,27498,291360,77540,44162,261358,817216,155446,63994,41573,285972,99268,128824,3732869
2021-07-07T17:00:00+0000,108764,180459,501365,648445,27514,291470,77585,44168,261438,817431,155498,64019,41588,285986,99271,128826,3733827
2021-07-08T17:00:00+0000,108782,180504,501437,648620,27525,291570,77611,44176,261524,817653,155539,64036,41598,286004,99276,128844,3734699
2021-07-09T17:00:00+0000,108793,180562,501558,648774,27533,291693,77645,44183,261610,817886,155590,64052,41611,286017,99279,128847,3735633
2021-07-10T17:00:00+0000,108810,180564,501666,648907,27541,291792,77678,44187,261670,818092,155624,64075,41617,286034,99286,128852,3736395
2021-07-11T17:00:00+0000,108815,180565,501691,648988,27548,291802,77691,44188,261700,818184,155639,64082,41619,286038,99286,128856,3736692
2021-07-12T17:00:00+0000,108818,180676,501801,649126,27546,291859,77718,44189,261750,818309,155691,64101,41620,286064,99281,128879,3737428
2021-07-13T17:00:00+0000,108852,180789,502042,649462,27570,292040,77771,44207,261884,818664,155812,64147,41629,286111,99297,128904,3739181
2021-07-14T17:00:00+0000,108876,180916,502240,649688,27582,292173,77828,44219,262032,819137,155897,64185,41647,286132,99314,128919,3740785
2021-07-15T17:00:00+0000,108902,181053,502401,649948,27595,292278,77878,44224,262223,819467,155970,64228,41659,286150,99329,128924,3742229
2021-07-16T17:00:00+0000,108929,181190,502593,650188,27612,292473,77915,44230,262372,819824,156052,64286,41683,286182,99344,128940,3743813
2021-07-17T17:00:00+0000,108945,181208,502766,650370,27625,292605,77954,44239,262524,820229,156098,64322,41698,286199,99350,128945,3745077
2021-07-18T17:00:00+0000,108954,181209,502807,650466,27628,292644,77993,44240,262570,820403,156116,64341,41703,286205,99352,128947,3745578
2021-07-19T17:00:00+0000,108971,181421,502912,650625,27638,292762,78044,44245,262699,820727,156212,64377,41714,286220,99361,128969,3746897
2021-07-20T17:00:00+0000,108981,181287,503196,650912,27661,293019,78120,44254,262950,821172,156358,64445,41758,286249,99372,129000,3748734
2021-07-21T17:00:00+0000,109004,181432,503497,651185,27678,293229,78217,44263,263238,821686,156498,64502,41808,286287,99388,129059,3750971
2021-07-22T17:00:00+0000,109019,181568,503753,651494,27701,293417,78296,44274,263484,822303,156633,64593,41846,286317,99402,129078,3753178
2021-07-23T17:00:00+0000,109045,181741,503961,651747,27717,293582,78400,44305,263729,822865,156739,64669,41882,286378,99412,129107,3755279
2021-07-24T17:00:00+0000,109055,181767,504174,651989,27731,293753,78481,44324,263856,823309,156808,64755,41913,286404,99417,129121,3756857
2021-07-25T17:00:00+0000,109065,181776,504242,652125,27740,293793,78560,44326,263898,823475,156841,64778,41926,286408,99419,129123,3757495
2021-07-26T17:00:00+0000,109087,182031,504377,652318,27748,293900,78634,44330,264015,823899,156950,64870,41940,286442,99439,129140,3759120
2021-07-27T17:00:00+0000,109138,182180,504757,652676,27797,294151,78737,44375,264322,824699,157117,64990,41981,286530,99457,129161,3762068
2021-07-28T17:00:00+0000,109171,182385,505094,652982,27818,294422,78833,44393,264589,825560,157261,65117,42021,286584,99484,129178,3764892
2021-07-29T17:00:00+0000,109211,182591,505360,653295,27845,294628,78968,44415,264852,826365,157374,65221,42064,286627,99499,129202,3767517
2021-07-30T17:00:00+0000,109256,182768,505640,653582,27871,294826,79057,44440,265094,827118,157519,65356,42086,286669,99528,129219,3770029
2021-07-31T17:00:00+0000,109286,182757,505894,653856,27898,294934,79179,44457,265253,827801,157590,65439,42129,286694,99555,129242,3771964
2021-08-01T17:00:00+0000,109290,182772,505964,653977,27911,294981,79228,44460,265328,828058,157659,65475,42137,286696,99560,129246,3772742
2021-08-02T17:00:00+0000,109320,183054,506123,654169,27921,295128,79313,44470,265477,828764,157749,65594,42157,286752,99575,129277,3774843
2021-08-03T17:00:00+0000,109401,183338,506471,654551,27961,295432,79481,44550,265786,829890,157932,65808,42237,286824,99609,129306,3778577
2021-08-04T17:00:00+0000,109455,183669,506872,654904,27989,295683,79683,44588,266070,830971,158101,66011,42292,286872,99636,129328,3782124
2021-08-05T17:00:00+0000,109508,183937,507209,655250,28017,295935,79860,44647,266343,832136,158243,66251,42345,286947,99668,129345,3785641
2021-08-06T17:00:00+0000,109557,184165,507552,655638,28042,296171,80114,44711,266613,833190,158406,66494,42412,286994,99708,129375,3789142
2021-08-07T17:00:00+0000,109604,184237,507863,655973,28060,296390,80302,44733,266776,834252,158480,66642,42462,287040,99722,129383,3791919
2021-08-08T17:00:00+0000,109620,184282,507946,656159,28078,296453,80419,44742,266853,834603,158524,66731,42470,287056,99730,129391,3793057
2021-08-09T17:00:00+0000,109676,184733,508199,656420,28088,296613,80626,44760,267017,835526,158660,66897,42479,287109,99761,129414,3795978
2021-08-10T17:00:00+0000,109782,185175,508822,657126,28135,297028,80897,44838,267418,837176,158880,67168,42566,287233,99811,129450,3801505
2021-08-11T17:00:00+0000,109878,185626,509432,657794,28186,297398,81184,44893,267869,838964,159093,67427,42644,287370,99853,129470,3807081
2021-08-12T17:00:00+0000,109983,186086,510001,658388,28222,297780,81391,44968,268212,840850,159342,67654,42702,287504,99911,129502,3812496
2021-08-13T17:00:00+0000,110064,186522,510645,658995,28272,298184,81702,45071,268576,842883,159565,67920,42770,287606,99951,129537,3818263
2021-08-14T17:00:00+0000,110138,186627,511234,659543,28307,298558,81880,45104,268896,844686,159751,68094,42844,287680,99979,129550,3822871
2021-08-15T17:00:00+0000,110153,186676,511389,659852,28340,298675,82082,45157,268977,845462,159839,68208,42871,287689,99999,129555,3824924
2021-08-16T17:00:00+0000,110220,187301,511765,660293,28370,299039,82267,45190,269246,846929,160072,68371,42904,287774,100026,129598,3829365
2021-08-17T17:00:00+0000,110384,187782,512862,661569,28412,299793,82525,45338,269903,849835,160440,68652,43000,287944,100094,129686,3838219
2021-08-18T17:00:00+0000,110520,188063,513872,662543,28531,300460,82817,45407,270709,853155,160780,68954,43071,288076,100169,129791,3846918
2021-08-19T17:00:00+0000,110602,188507,514798,663425,28613,301131,83025,45490,271265,856917,161142,69158,43250,288183,100227,129845,3855578
2021-08-20T17:00:00+0000,110706,188970,515785,664320,28657,301684,83255,45558,271858,860875,161517,69381,43383,288293,100273,129884,3864399
2021-08-21T17:00:00+0000,110787,189072,516717,665182,28709,302245,83434,45620,272229,863883,161715,69541,43479,288376,100311,129917,3871217
2021-08-22T17:00:00+0000,110813,189111,516965,665746,28755,302391,83593,45654,272364,865242,161906,69620,43511,288398,100325,129927,3874321
2021-08-23T17:00:00+0000,110867,189727,517644,666578,28787,302849,83786,45665,272821,867695,162258,69799,43558,288497,100368,129967,3880866
2021-08-24T17:00:00+0000,111030,190344,519440,668693,28871,303794,84102,45771,273696,872136,162807,70094,43701,288739,100453,130077,3893748
2021-08-25T17:00:00+0000,111193,190977,521356,670464,28988,304664,84376,45851,274750,876664,163387,70346,43866,288891,100520,130172,3906465
2021-08-26T17:00:00+0000,111310,191485,522983,672167,29080,305610,84669,45934,275573,880908,163949,70557,44004,289022,100558,130262,3918071
2021-08-27T17:00:00+0000,111422,191936,524383,673507,29181,306369,84953,46051,276473,884646,164481,70772,44130,289142,100644,130362,3928452
2021-08-28T17:00:00+0000,111482,192049,525656,674855,29280,307028,85155,46122,277079,887757,164810,70956,44283,289239,100684,130409,3936844
2021-08-29T17:00:00+0000,111498,192101,526062,675574,29326,307319,85305,46145,277268,889187,165055,71036,44328,289272,100688,130415,3940579
2021-08-30T17:00:00+0000,111586,192741,526953,676569,29397,307965,85509,46185,277825,891255,165435,71195,44355,289401,100738,130501,3947610
2021-08-31T17:00:00+0000,111790,193543,529113,678863,29564,309523,85773,46316,278959,895268,166211,71499,44573,289684,100864,130629,3962172
2021-09-01T17:00:00+0000,111960,194220,531234,681061,29682,311114,86081,46412,280192,899573,167157,71796,44759,289929,100963,130768,3976901
2021-09-02T17:00:00+0000,112135,194698,533026,683089,29792,312446,86376,46506,281192,903377,167958,72011,44910,290161,101064,130873,3989614
2021-09-03T17:00:00+0000,112303,195187,534756,684787,29929,313654,86650,46607,282426,906879,168662,72255,45046,290337,101160,131025,4001663
2021-09-04T17:00:00+0000,112414,195340,536350,686271,30109,314572,86862,46689,283210,909552,169232,72461,45221,290532,101229,131106,4011150
2021-09-05T17:00:00+0000,112451,195381,536914,687175,30139,314878,87007,46724,283474,910797,169490,72521,45289,290572,101245,131144,4015201
2021-09-06T17:00:00+0000,112587,196102,537660,688170,30180,315506,87250,46746,284022,912665,169947,72692,45317,290780,101314,131261,4022199
2021-09-07T17:00:00+0000,112815,196763,539977,690762,30363,317024,87560,46920,285433,916194,170834,72943,45467,291311,101447,131495,4037308
2021-09-08T17:00:00+0000,113025,197435,542120,693042,30514,318359,87813,47038,286694,920005,171690,73177,45668,291617,101567,131699,4051463
2021-09-09T17:00:00+0000,113234,198020,543929,695221,30638,319535,88058,47158,287795,923325,172359,73377,45761,291903,101657,131866,4063836
2021-09-10T17:00:00+0000,113449,198571,545722,696991,30779,320560,88290,47254,288731,926202,173025,73562,45864,292146,101797,132029,4074972
2021-09-11T17:00:00+0000,113576,198679,547066,698685,30888,321373,88438,47328,289474,928522,173435,73721,45993,292364,101872,132123,4083537
2021-09-12T17:00:00+0000,113618,198695,547504,699630,30937,321624,88578,47347,289661,929391,173566,73791,46013,292424,101892,132155,4086826
2021-09-13T17:00:00+0000,113736,199419,548504,700617,30978,322134,88727,47388,290116,931181,173993,73940,46039,292632,101963,132307,4093674
2021-09-14T17:00:00+0000,113967,200055,550967,703087,31155,323248,88978,47546,291299,933967,174668,74139,46192,293066,102163,132562,4107059
2021-09-15T17:00:00+0000,114202,200696,553277,705688,31283,324273,89227,47631,292221,936386,175237,74371,46321,293365,102340,132756,4119274
2021-09-16T17:00:00+0000,114379,201165,555002,707741,31380,325203,89396,47708,292983,938659,175836,74559,46429,293619,102480,132989,4129528
2021-09-17T17:00:00+0000,114550,201591,556561,709435,31497,325879,89561,47780,293690,940679,176286,74725,46517,293879,102615,133158,4138403
2021-09-18T17:00:00+0000,114660,201692,557828,711010,31597,326470,89709,47837,294279,942216,176595,74812,46615,294070,102725,133333,4145448
2021-09-19T17:00:00+0000,114696,201707,558176,711863,31689,326634,89795,47858,294435,942867,176762,74853,46628,294142,102746,133375,4148226
2021-09-20T17:00:00+0000,114808,202299,558954,712924,31713,327040,89943,47879,294780,944069,177052,74941,46651,294337,102843,133396,4153629
2021-09-21T17:00:00+0000,115038,202806,561027,715265,31881,327979,90164,48004,295557,946239,177637,75150,46798,294767,103038,133522,4164872
2021-09-22T17:00:00+0000,115201,203381,562865,717332,32018,328773,90366,48081,296442,948390,178121,75331,46919,295059,103203,133836,4175318
2021-09-23T17:00:00+0000,115370,203798,564560,719181,32138,329551,90549,48173,297071,950164,178509,75479,47044,295371,103312,134138,4184408
2021-09-24T17:00:00+0000,115513,204272,565927,720832,32297,330212,90730,48284,297626,951911,178932,75639,47124,295709,103435,134362,4192805
2021-09-25T17:00:00+0000,115614,204356,567096,722355,32383,330703,90841,48381,298100,953288,179162,75721,47180,295910,103527,134537,4199154
2021-09-26T17:00:00+0000,115648,204383,567473,723269,32442,330878,90960,48412,298216,953791,179282,75743,47199,295962,103559,134577,4201794
2021-09-27T17:00:00+0000,115748,204984,568414,724361,32474,331292,91114,48449,298590,954781,179578,75837,47224,296286,103645,134766,4207543
2021-09-28T17:00:00+0000,116007,205571,570734,727122,32664,332267,91354,48662,299510,956757,180095,76049,47344,297009,103941,135084,4220170
2021-09-29T17:00:00+0000,116228,206262,572693,729549,32809,333098,91627,48822,300269,958884,180545,76198,47425,297580,104095,135459,4231543
2021-09-30T17:00:00+0000,116414,206762,574201,731566,32957,333830,91836,48967,300925,960628,180958,76350,47502,298115,104261,135760,4241032
2021-10-01T17:00:00+0000,116558,207246,575620,733438,33070,334398,92033,49109,301522,962063,181283,76490,47556,298592,104427,136008,4249413
2021-10-02T17:00:00+0000,116692,207329,576727,734963,33153,334836,92215,49214,301895,963216,181529,76551,47614,298932,104522,136180,4255568
2021-10-03T17:00:00+0000,116761,207388,577146,735888,33201,334996,92347,49230,302017,963568,181632,76592,47632,298994,104561,136253,4258206
2021-10-04T17:00:00+0000,116837,208007,578115,736909,33243,335439,92485,49263,302373,964512,181837,76699,47652,299351,104638,136481,4263841
2021-10-05T17:00:00+0000,117108,208670,580156,739596,33388,336340,92673,49489,303122,966393,182380,76884,47740,300320,104911,136862,4276032
2021-10-06T17:00:00+0000,117413,209268,582087,741907,33545,337095,92882,49599,303853,968309,182823,77018,47824,301085,105114,137277,4287099
2021-10-07T17:00:00+0000,117615,209791,583776,744092,33668,337841,93052,49774,304425,970085,183278,77147,47899,301703,105356,137700,4297202
2021-10-08T17:00:00+0000,117854,210325,585343,745990,33764,338427,93247,49890,304951,971668,183709,77295,47994,302316,105567,138051,4306391
2021-10-09T17:00:00+0000,118001,210453,586657,747714,33851,338917,93318,49999,305322,972955,183987,77375,48072,302765,105701,138307,4313394
2021-10-10T17:00:00+0000,118050,210479,587043,748654,33885,339048,93427,50064,305515,973304,184099,77410,48093,302850,105738,138371,4316030
2021-10-11T17:00:00+0000,118170,211147,587938,749734,33916,339525,93613,50113,305950,974234,184351,77514,48135,303446,105834,138618,4322238
2021-10-12T17:00:00+0000,118461,211853,590240,752607,34027,340110,93800,50351,306752,975883,184877,77651,48276,304604,106184,139167,4334843
2021-10-13T17:00:00+0000,118778,212468,592312,755500,34117,340791,94005,50550,307578,977530,185228,77821,48424,305565,106476,139754,4346897
2021-10-14T17:00:00+0000,119026,212996,594338,758260,34210,341394,94207,50684,308319,979115,185659,77958,48508,306429,106738,140349,4358190
2021-10-15T17:00:00+0000,119263,213628,596161,760988,34288,342054,94409,50839,308941,980604,186100,78099,48591,307339,107020,140856,4369180
2021-10-16T17:00:00+0000,119477,213835,597721,763238,34345,342543,94566,50933,309431,981931,186273,78217,48679,308018,107222,141235,4377664
2021-10-17T17:00:00+0000,119535,213910,598219,764489,34398,342682,94694,50976,309540,982381,186359,78260,48703,308189,107335,141390,4381060
2021-10-18T17:00:00+0000,119711,214772,599322,766029,34411,343157,94910,51034,310052,983493,186716,78497,48730,308826,107431,141876,4388967
2021-10-19T17:00:00+0000,120258,215613,602644,770970,34505,344133,95306,51299,311104,985857,187267,78853,48842,310253,107945,142735,4407584
2021-10-20T17:00:00+0000,120640,216572,605675,775184,34614,345080,95615,51480,312139,988183,187827,79155,48939,311472,108272,143562,4424409
2021-10-21T17:00:00+0000,121013,217163,607974,778484,34703,345805,95672,51631,312840,990051,188335,79374,49026,312212,108563,144434,4437280
