time_iso8601,1001,1002,1003,1004,1051,1053,1054,1055,1056,1057,1058,1059,1060,1061,1062,2000,3101,3102,3103,3151,3153,3154,3155,3157,3158,3159,3241,3251,3252,3254,3255,3256,3257,3351,3352,3353,3354,3355,3356,3357,3358,3359,3360,3361,3401,3402,3403,3404,3405,3451,3452,3453,3454,3455,3456,3457,3458,3459,3460,3461,3462,4011,4012,5111,5112,5113,5114,5116,5117,5119,5120,5122,5124,5154,5158,5162,5166,5170,5314,5315,5316,5334,5358,5362,5366,5370,5374,5378,5382,5512,5513,5515,5554,5558,5562,5566,5570,5711,5754,5758,5762,5766,5770,5774,5911,5913,5914,5915,5916,5954,5958,5962,5966,5970,5974,5978,6411,6412,6413,6414,6431,6432,6433,6434,6435,6436,6437,6438,6439,6440,6531,6532,6533,6534,6535,6611,6631,6632,6633,6634,6635,6636,7111,7131,7132,7133,7134,7135,7137,7138,7140,7141,7143,7211,7231,7232,7233,7235,7311,7312,7313,7314,7315,7316,7317,7318,7319,7320,7331,7332,7333,7334,7335,7336,7337,7338,7339,7340,8111,8115,8116,8117,8118,8119,8121,8125,8126,8127,8128,8135,8136,8211,8212,8215,8216,8221,8222,8225,8226,8231,8235,8236,8237,8311,8315,8316,8317,8325,8326,8327,8335,8336,8337,8415,8416,8417,8421,8425,8426,8435,8436,8437,9161,9162,9163,9171,9172,9173,9174,9175,9176,9177,9178,9179,9180,9181,9182,9183,9184,9185,9186,9187,9188,9189,9190,9261,9262,9263,9271,9272,9273,9274,9275,9276,9277,9278,9279,9361,9362,9363,9371,9372,9373,9374,9375,9376,9377,9461,9462,9463,9464,9471,9472,9473,9474,9475,9476,9477,9478,9479,9561,9562,9563,9564,9565,9571,9572,9573,9574,9575,9576,9577,9661,9662,9663,9671,9672,9673,9674,9675,9676,9677,9678,9679,9761,9762,9763,9764,9771,9772,9773,9774,9775,9776,9777,9778,9779,9780,10041,10042,10043,10044,10045,10046,12051,12052,12053,12054,12060,12061,12062,12063,12064,12065,12066,12067,12068,12069,12070,12071,12072,12073,13003,13004,13071,13072,13073,13074,13075,13076,14511,14521,14522,14523,14524,14612,14625,14626,14627,14628,14713,14729,14730,15001,15002,15003,15081,15082,15083,15084,15085,15086,15087,15088,15089,15090,15091,16051,16052,16053,16054,16055,16056,16061,16062,16063,16064,16065,16066,16067,16068,16069,16070,16071,16072,16073,16074,16075,16076,16077,11000,sum_cases
2020-03-02T17:00:00+0000,0,0,1,0,0,1,0,0,0,0,0,0,1,0,2,2,0,0,0,0,0,0,0,0,0,0,1,0,0,0,0,0,0,0,2,0,0,0,0,0,0,0,0,0,1,0,0,0,0,0,0,0,0,0,0,0,0,0,0,0,0,2,0,0,1,0,0,1,0,0,0,0,0,0,0,1,1,1,1,8,0,9,2,0,0,84,0,1,0,0,0,1,1,0,0,0,0,0,0,0,0,0,0,0,0,0,0,0,0,0,0,1,0,0,0,0,0,3,0,0,0,0,1,1,0,0,0,0,0,0,2,2,0,0,0,0,0,0,0,0,0,0,0,0,0,0,0,0,0,0,0,0,0,0,0,0,0,0,0,2,0,0,0,0,0,0,0,0,0,0,0,0,0,0,0,0,0,0,0,1,0,2,3,0,1,6,0,0,0,0,1,0,0,1,0,0,2,0,1,0,0,0,0,3,3,0,0,1,0,0,0,0,0,0,2,3,0,1,0,0,2,0,0,9,0,0,0,0,0,1,0,0,2,3,0,1,0,0,1,0,0,0,3,4,0,0,0,0,0,0,0,0,0,0,0,0,0,0,0,0,0,0,0,0,0,0,0,0,0,0,0,0,0,0,0,0,0,0,0,0,0,1,1,2,1,0,0,0,0,0,0,0,0,0,0,0,0,0,0,0,0,0,0,0,0,0,0,0,0,0,0,0,0,0,2,0,0,0,0,0,0,0,0,0,0,0,0,0,0,0,0,0,0,3,0,0,0,0,0,0,0,0,0,0,0,0,0,0,0,0,0,0,0,0,0,0,0,0,0,1,0,0,0,0,0,0,0,0,0,0,0,0,0,0,0,0,0,0,0,0,0,0,0,0,0,0,0,0,0,0,0,0,0,0,0,0,0,0,0,0,0,205
2020-03-03T17:00:00+0000,0,0,1,0,0,1,0,0,1,0,0,0,1,0,2,4,0,0,0,0,0,0,0,0,0,0,2,0,0,0,0,0,0,0,4,0,0,0,0,2,0,0,0,0,1,0,0,0,0,1,0,0,0,0,0,0,0,0,0,0,0,4,0,0,1,0,0,1,0,0,0,0,0,0,0,2,2,1,1,14,0,9,2,0,0,101,1,3,2,0,0,1,1,0,0,0,0,0,0,0,0,0,0,0,1,0,0,0,0,0,0,1,0,0,0,0,0,3,0,0,3,0,1,1,1,0,0,0,0,0,2,2,0,0,0,0,0,0,0,0,0,0,0,0,0,0,0,0,0,0,0,0,0,0,0,0,0,0,0,3,0,0,0,0,0,0,0,0,0,0,0,0,0,0,0,0,0,0,0,1,4,2,3,5,2,6,0,0,0,0,2,0,0,2,0,0,2,0,1,0,0,0,0,3,6,0,0,1,0,0,0,1,0,0,2,5,2,1,0,0,3,0,0,10,0,0,0,0,0,2,0,0,2,3,0,1,0,0,3,0,0,1,3,4,0,0,0,0,0,0,0,0,1,0,0,0,0,0,0,0,0,0,0,0,0,0,0,0,0,0,0,0,0,0,0,0,0,0,0,0,0,1,1,2,1,0,0,0,0,0,0,0,0,0,0,0,0,0,0,0,0,0,0,0,0,0,0,0,0,0,0,0,0,0,3,0,0,0,0,0,0,0,0,0,0,0,0,0,0,0,0,0,0,3,0,0,0,0,0,0,0,0,0,0,0,0,0,0,2,0,0,0,0,0,0,0,0,0,0,1,0,0,0,0,0,0,0,0,0,0,0,0,0,0,0,0,0,0,0,0,0,0,0,0,0,0,0,0,0,0,0,0,0,0,0,0,0,1,0,0,5,288
2020-03-04T17:00:00+0000,0,0,1,0,0,1,0,0,1,0,0,0,1,0,2,7,0,0,0,0,0,0,0,0,0,0,3,0,0,0,0,0,0,0,4,0,0,0,0,2,0,0,0,0,1,0,1,0,0,1,0,0,0,0,1,1,0,0,0,0,0,4,0,2,2,0,0,3,0,0,0,0,0,0,0,5,2,1,1,16,0,25,4,0,0,146,1,3,3,0,0,3,1,10,0,0,0,0,0,0,0,1,0,0,2,0,0,0,0,0,0,3,0,0,0,0,0,4,0,0,3,0,1,2,1,0,0,0,0,0,2,2,0,0,0,0,0,0,0,0,0,0,1,0,0,0,0,0,0,0,0,0,0,0,0,0,0,0,0,3,0,0,1,0,0,0,0,0,0,1,0,1,0,0,0,0,0,0,1,1,10,3,5,5,2,10,0,0,1,0,4,0,0,2,0,2,4,0,1,0,0,0,0,3,7,1,0,1,0,0,0,1,0,0,2,14,3,4,0,1,3,1,0,13,0,0,0,0,0,2,0,0,3,3,0,1,0,0,3,0,0,1,3,4,0,0,0,0,0,0,0,0,2,0,0,0,0,0,0,0,0,1,0,0,0,0,0,0,0,0,0,0,0,0,0,0,0,0,0,0,0,1,1,4,1,0,0,0,0,0,1,0,0,0,0,0,0,0,0,0,0,0,0,0,0,0,0,0,1,0,0,0,0,0,3,0,0,0,0,0,0,0,0,0,0,0,0,0,0,0,0,0,0,3,0,0,0,0,0,0,0,0,0,0,1,0,1,0,2,0,0,0,0,0,0,0,0,0,0,1,0,0,0,0,0,0,0,0,0,0,0,0,0,0,0,0,0,0,0,0,0,0,0,0,0,0,0,0,0,0,0,0,0,0,0,0,0,1,0,0,8,444
2020-03-05T17:00:00+0000,0,0,1,0,1,1,0,0,1,0,0,0,1,0,2,13,1,0,0,0,0,0,0,0,0,0,3,0,0,0,0,0,0,3,4,0,0,0,0,2,0,1,0,0,1,0,1,0,0,1,0,0,0,0,1,1,0,1,0,0,0,4,0,2,2,0,0,4,0,0,0,0,0,0,0,5,4,1,1,21,0,40,4,1,1,201,4,3,4,0,2,4,5,11,0,0,0,0,0,0,0,1,0,0,2,2,0,0,0,0,0,4,0,0,0,1,0,6,0,0,3,0,1,2,1,0,0,0,1,0,3,2,0,0,1,0,0,0,0,0,1,0,2,0,0,0,0,0,0,0,0,0,0,0,0,0,0,0,0,3,0,0,1,0,0,0,0,0,0,1,0,1,0,0,0,0,0,0,3,3,15,3,7,6,3,15,1,0,6,0,4,0,0,2,0,2,5,0,3,0,1,0,0,3,8,1,3,1,0,0,0,1,0,0,2,16,3,4,0,3,4,1,0,18,0,0,0,0,0,2,0,0,4,3,0,1,1,0,5,0,0,1,4,4,1,0,0,0,0,0,0,0,2,0,0,0,0,0,0,0,0,1,0,0,0,0,0,0,0,0,0,0,0,0,0,0,0,0,0,0,0,4,1,5,1,0,2,0,0,0,1,0,0,0,1,0,1,0,0,0,0,0,0,0,0,0,0,0,1,0,0,0,2,0,3,0,0,1,0,0,0,0,0,0,0,0,0,0,0,0,0,1,0,3,0,0,0,0,0,0,0,0,0,0,1,0,2,0,2,0,0,0,0,0,0,0,0,0,0,1,0,0,0,0,0,0,0,0,0,0,0,0,0,0,0,0,0,0,0,0,0,0,0,0,0,0,0,0,0,0,0,0,0,0,0,0,0,1,0,0,20,633
2020-03-06T17:00:00+0000,0,0,1,0,1,1,0,0,2,0,0,0,2,0,2,16,1,0,0,0,0,0,0,0,0,0,5,0,0,0,0,0,0,3,4,3,0,0,0,2,0,2,0,0,1,0,1,0,0,1,0,0,0,0,1,1,0,2,0,0,0,4,0,3,3,0,0,7,0,0,0,0,0,0,1,5,4,1,2,31,0,49,4,1,1,228,4,3,5,0,2,4,5,12,0,0,0,1,0,2,0,1,2,0,3,2,0,0,0,0,0,5,0,0,0,1,0,6,0,0,3,0,1,2,1,0,0,0,1,0,3,2,0,0,1,0,0,0,1,0,1,0,2,0,0,0,0,0,0,0,0,0,0,0,0,0,0,0,0,4,0,0,2,0,0,0,0,0,0,1,0,1,0,0,0,0,0,0,5,3,18,3,7,7,3,20,1,0,22,0,4,0,2,4,0,4,6,0,4,0,1,0,0,5,9,2,9,1,0,0,1,1,0,0,2,16,3,4,2,4,5,1,1,31,0,0,0,0,0,5,0,0,23,3,0,1,1,0,5,0,0,1,6,4,2,0,0,0,0,0,0,0,3,0,0,0,0,0,0,0,0,7,0,0,0,0,0,0,0,0,0,0,0,0,0,0,0,0,0,0,0,4,1,5,1,0,2,0,0,0,1,0,0,0,1,0,1,0,0,0,0,0,0,0,1,0,1,0,1,0,0,0,2,0,4,0,0,1,0,0,0,0,0,0,0,0,0,0,0,0,0,1,0,3,0,0,0,0,0,0,0,0,0,0,1,0,2,0,2,0,0,0,0,0,0,0,1,0,0,1,1,0,0,0,0,0,0,0,0,0,0,0,0,0,0,0,0,0,0,0,0,0,0,0,0,0,0,0,0,0,0,0,0,0,0,0,0,1,0,0,25,816
2020-03-07T17:00:00+0000,0,0,1,0,1,1,0,0,2,0,0,0,2,0,2,19,1,0,0,0,0,0,0,0,0,0,6,0,0,1,0,0,0,3,4,4,0,0,0,2,0,5,0,0,1,0,1,0,2,1,0,0,0,0,1,1,0,2,0,0,0,4,0,3,3,4,0,7,0,0,0,0,0,0,1,5,4,1,4,32,0,54,4,1,1,275,4,3,5,0,2,4,5,12,0,1,1,1,0,2,0,2,4,0,3,2,0,0,0,1,0,5,0,0,0,4,0,6,0,0,3,0,1,2,1,0,0,1,2,0,5,2,0,0,1,0,0,0,1,0,1,0,2,0,0,0,0,0,0,0,0,0,0,0,0,1,0,0,0,4,0,0,2,0,0,0,0,0,0,2,0,1,0,0,0,0,0,0,10,3,21,3,10,8,3,20,2,0,22,0,4,1,2,8,2,4,6,1,4,0,1,1,1,7,10,4,9,1,1,0,1,1,0,0,3,16,3,5,3,4,5,1,1,31,0,0,0,0,0,6,0,0,26,3,0,1,1,0,5,0,0,1,10,4,3,0,0,0,0,0,0,0,3,0,0,0,0,0,0,0,0,11,0,0,1,0,0,0,0,0,1,0,0,0,0,0,0,0,0,0,0,4,1,5,1,0,2,2,0,0,1,0,0,0,1,0,1,0,0,0,0,0,0,0,1,0,1,0,1,0,0,0,2,0,4,0,0,1,0,0,0,0,0,0,0,0,0,0,0,0,0,1,0,3,0,0,0,0,0,0,0,0,0,0,1,0,2,0,2,0,0,0,0,0,0,0,1,0,0,1,1,0,0,0,0,0,0,0,0,0,0,0,0,0,0,0,0,1,0,0,0,0,0,0,0,0,0,0,0,0,0,0,0,0,0,0,0,1,0,0,26,952
2020-03-08T17:00:00+0000,0,0,2,0,1,1,0,0,2,0,0,0,2,0,2,24,1,0,0,0,0,0,0,0,0,0,7,0,0,1,0,0,0,3,4,5,0,0,0,2,0,5,0,0,1,0,1,0,2,1,0,0,0,2,1,1,0,2,0,0,0,4,0,3,3,4,0,7,0,0,0,0,0,0,1,5,4,1,4,34,0,58,5,1,1,288,4,3,5,0,2,5,5,15,0,1,1,1,0,2,0,3,5,0,3,2,0,0,0,1,0,5,0,0,0,4,0,6,0,0,3,0,1,2,1,0,0,1,2,0,5,2,0,0,1,0,0,0,1,0,1,0,5,0,0,0,0,0,0,0,0,0,0,0,0,1,0,0,0,4,0,0,2,0,0,0,0,0,0,2,0,1,0,0,0,0,0,0,10,3,22,3,10,8,3,26,3,0,22,0,4,1,2,8,2,4,6,1,5,0,1,1,1,8,10,7,10,1,1,1,1,1,0,1,3,16,4,5,3,4,5,1,1,32,0,0,0,0,0,9,0,0,36,3,0,1,1,0,5,0,1,1,10,4,3,0,0,0,0,0,0,0,3,0,0,0,0,0,0,0,0,11,0,0,1,1,0,0,0,0,1,0,0,0,0,0,0,0,0,0,0,4,2,5,1,0,2,2,0,0,1,0,1,0,1,0,1,0,0,0,0,0,0,0,1,0,1,0,1,0,0,0,2,0,5,0,0,1,0,1,0,0,0,0,0,0,0,0,0,0,0,3,0,3,0,0,0,0,0,1,1,0,0,0,1,2,2,0,2,0,0,0,0,0,0,0,5,0,0,1,2,0,0,0,0,0,0,0,0,0,0,0,0,0,0,0,0,1,0,0,0,0,0,0,0,0,0,0,0,0,0,0,0,0,0,0,0,1,0,0,37,1050
2020-03-09T17:00:00+0000,0,0,2,0,1,1,0,0,3,2,0,0,2,0,2,44,1,0,0,0,0,0,0,0,0,0,9,0,0,3,0,0,0,4,4,5,0,0,0,3,0,5,0,0,1,0,1,2,2,2,0,0,1,2,1,1,1,7,0,0,0,10,1,5,3,4,0,8,0,0,0,0,0,0,4,5,5,2,6,44,0,61,5,1,3,332,4,8,13,1,2,5,7,17,0,1,1,2,0,2,0,10,5,0,4,2,1,0,0,1,0,5,0,0,0,4,0,7,1,1,4,0,1,3,2,0,0,3,5,0,5,4,0,5,1,0,2,0,1,0,1,0,5,0,0,0,0,0,1,2,0,0,0,0,0,1,0,0,0,4,0,0,2,0,0,0,0,0,0,5,0,1,0,0,0,0,0,0,18,4,22,3,13,8,3,27,3,1,23,0,5,1,2,9,5,5,10,2,8,0,2,1,1,12,13,13,12,1,1,2,1,1,0,1,4,18,4,5,3,4,7,1,1,54,0,0,0,0,2,11,0,3,38,4,1,1,1,0,8,0,2,1,10,4,3,0,0,0,0,0,2,1,3,0,1,1,1,0,0,0,0,19,0,0,4,1,0,0,0,0,1,0,0,0,0,0,0,0,0,0,0,4,2,11,1,0,3,2,0,2,3,0,1,0,3,0,1,0,0,0,0,1,0,2,2,0,3,0,1,0,0,0,2,5,5,0,3,4,1,1,1,1,2,0,0,0,0,0,0,0,1,4,0,3,1,0,0,0,0,2,1,0,0,0,4,3,2,0,2,0,0,0,0,0,0,1,5,1,0,1,2,3,0,0,0,0,0,0,0,0,0,0,0,0,0,0,0,1,0,0,0,0,0,0,0,0,0,0,0,0,0,0,0,0,0,0,0,1,0,0,59,1394
2020-03-10T17:00:00+0000,0,3,2,0,1,3,0,1,4,2,0,0,2,0,2,70,1,0,0,0,0,0,0,0,0,0,15,1,1,3,0,0,0,5,4,5,0,0,6,5,0,11,0,3,1,0,1,5,3,3,1,0,2,2,1,1,3,7,0,0,0,21,1,6,8,4,1,16,0,0,4,3,0,2,5,6,7,7,12,54,1,63,7,4,3,398,5,11,13,1,3,6,9,22,2,3,5,3,0,3,0,18,9,2,6,4,3,0,0,2,1,6,0,1,1,6,0,10,1,1,5,0,1,3,3,2,0,4,8,0,7,4,0,6,1,0,2,0,1,0,3,0,7,0,0,1,0,0,2,3,2,0,3,0,1,1,4,0,1,4,0,0,3,0,0,0,0,0,0,5,0,1,0,0,0,0,0,0,30,4,38,8,15,15,3,30,7,8,24,0,6,2,4,15,8,5,11,4,12,3,7,2,1,14,14,15,15,1,1,2,2,2,1,2,9,24,5,6,3,5,11,3,1,79,0,0,0,0,2,16,0,3,51,5,2,1,1,0,14,0,3,1,16,4,3,0,0,0,0,0,2,1,4,0,1,1,3,0,0,1,3,19,2,0,6,4,1,0,0,0,1,0,4,0,1,0,0,0,0,0,0,4,6,14,1,0,3,2,0,4,4,0,1,0,7,0,1,0,0,1,0,1,0,5,4,0,3,0,2,0,0,0,2,6,5,0,4,4,1,1,2,2,2,0,0,0,0,0,2,0,3,4,3,3,2,1,0,0,0,2,1,0,1,0,4,3,2,0,2,0,3,0,0,0,0,2,10,6,2,2,4,4,0,0,2,1,0,0,0,1,0,0,0,1,1,0,0,2,0,0,0,1,1,0,0,0,0,2,0,0,0,0,1,0,0,0,1,3,0,0,92,1978
2020-03-11T17:00:00+0000,0,7,7,0,1,5,0,1,9,2,2,1,2,0,2,99,2,1,0,2,0,0,3,0,0,0,21,11,1,3,2,2,0,6,5,6,0,1,10,5,0,14,1,5,5,3,2,5,3,3,3,1,3,2,1,1,4,7,2,0,1,32,1,7,9,4,8,18,4,2,5,3,1,4,9,10,12,10,17,62,1,70,9,6,4,463,10,15,18,3,3,8,12,24,7,3,7,4,6,5,0,23,10,5,10,7,3,0,2,4,6,10,1,1,3,10,0,13,1,5,6,0,2,3,10,3,0,5,14,1,7,4,0,7,2,3,7,0,3,0,3,0,8,0,0,8,0,0,2,4,3,4,4,0,4,1,4,0,1,5,0,1,4,1,0,0,0,0,0,7,0,2,3,0,0,0,2,0,36,6,51,15,23,25,3,35,10,13,28,0,10,3,5,18,12,6,14,6,23,3,11,2,1,20,19,16,15,1,2,3,7,3,3,6,17,25,6,8,4,8,19,4,1,100,1,0,0,2,5,16,0,7,51,6,2,2,1,0,17,0,6,3,20,6,8,0,0,1,1,0,2,1,5,0,2,1,5,0,1,3,4,20,2,0,6,6,3,0,0,0,1,1,4,0,2,1,0,0,0,0,0,7,6,15,1,0,5,3,0,4,4,1,4,0,8,1,3,0,1,1,0,1,2,5,5,1,3,0,2,16,0,0,3,6,7,3,4,4,8,1,2,4,3,0,0,3,0,0,4,0,3,4,4,3,2,2,0,0,0,3,1,0,2,1,6,6,3,0,2,0,3,0,0,0,0,6,12,6,4,4,6,8,0,0,5,4,0,1,2,1,0,0,1,1,6,0,0,2,1,0,0,1,1,0,0,0,0,2,0,0,0,0,1,0,0,0,1,3,0,0,134,2723
2020-03-12T17:00:00+0000,0,11,8,0,1,6,1,1,11,2,5,3,4,0,4,141,2,1,0,5,0,0,4,0,0,5,45,16,2,7,2,2,2,6,5,13,0,1,10,5,0,15,1,6,5,3,7,8,3,6,3,2,4,2,3,1,4,7,2,0,1,38,2,7,10,10,11,21,5,7,7,5,3,7,14,12,18,17,22,104,5,76,14,10,5,529,13,18,22,3,4,15,16,30,9,3,10,15,7,6,0,35,15,8,15,16,3,2,4,6,15,12,1,2,3,14,0,15,1,6,7,3,3,4,18,4,0,9,14,2,7,5,0,7,2,3,9,6,4,3,4,0,11,6,6,13,0,2,5,6,6,5,9,3,5,4,4,0,1,5,0,1,12,1,0,0,0,0,2,8,1,2,5,1,1,1,6,0,47,9,68,32,37,27,4,35,22,17,31,4,17,3,9,20,12,7,22,8,25,4,14,4,2,35,26,17,19,2,3,4,9,9,4,9,22,25,7,8,5,12,26,6,1,119,1,0,1,4,6,20,1,7,51,6,2,2,1,0,26,0,6,6,31,6,8,1,1,2,3,1,2,2,5,3,6,1,7,0,4,3,4,21,2,0,8,7,6,1,0,0,1,1,5,0,4,1,0,1,0,0,0,7,6,20,3,0,7,3,1,4,5,2,4,0,11,3,3,2,4,3,1,2,3,6,10,1,4,0,5,17,0,1,3,8,8,3,4,9,10,2,4,4,3,10,0,8,0,0,7,1,5,5,9,4,2,3,0,4,0,5,1,0,5,2,7,7,5,0,3,0,3,0,0,0,1,13,14,7,5,8,16,9,2,0,9,6,1,2,3,1,2,0,1,1,7,0,2,2,1,0,0,1,1,0,0,0,0,5,1,0,0,0,1,0,0,5,3,3,0,0,181,3705
2020-03-13T17:00:00+0000,0,12,9,0,1,10,1,1,20,2,9,6,4,2,7,174,2,2,3,7,5,2,4,2,0,6,55,19,2,11,2,2,2,8,6,15,0,3,13,5,1,18,1,8,5,3,11,19,4,7,10,2,9,3,4,1,4,11,2,0,1,43,6,24,14,16,17,30,8,10,7,5,8,15,16,19,22,25,23,152,5,98,17,19,7,603,13,29,31,3,8,23,32,39,15,3,25,16,24,18,0,39,33,15,20,19,5,4,4,10,19,13,1,14,9,14,2,26,1,7,7,4,4,6,29,12,0,20,20,4,10,9,1,8,3,8,11,6,6,6,5,0,11,9,7,14,0,6,10,12,7,6,13,3,5,6,4,0,1,6,0,1,13,3,0,2,0,0,2,12,2,4,6,13,1,1,10,0,85,21,83,36,57,39,4,37,25,22,32,4,27,4,15,30,18,11,26,9,35,4,26,4,3,44,31,21,28,3,9,8,27,13,4,20,42,33,10,11,5,17,44,12,1,167,1,0,1,6,11,24,2,9,52,14,3,2,17,0,41,0,7,17,36,7,8,3,2,3,3,2,3,2,8,5,10,2,8,1,8,6,7,22,5,1,9,8,10,1,0,0,1,5,5,0,4,2,2,1,1,0,0,9,7,21,3,0,7,3,2,4,6,2,16,0,20,8,3,2,5,5,1,5,4,13,10,1,5,1,7,27,0,2,7,12,10,9,4,10,13,2,9,9,5,11,0,12,0,0,9,1,5,7,14,6,2,4,0,6,0,8,2,0,6,4,7,10,6,0,4,1,6,2,4,0,4,18,17,7,9,12,19,11,2,0,12,11,1,2,3,2,2,1,1,1,8,0,2,4,1,0,1,1,1,1,2,0,0,6,2,0,0,0,1,0,0,5,3,3,0,2,242,5131
2020-03-14T17:00:00+0000,4,13,9,0,1,10,1,1,27,5,10,10,6,3,8,249,5,2,3,7,7,2,4,2,0,8,64,19,3,13,6,2,3,8,6,24,0,3,14,11,1,22,1,10,5,3,15,19,5,7,10,3,19,3,4,1,4,11,3,0,3,45,7,24,14,16,26,36,8,12,8,7,15,22,21,22,36,34,24,239,11,150,23,21,11,640,13,29,31,3,9,23,43,45,15,3,40,19,26,22,2,39,34,15,20,19,5,4,4,11,27,13,1,15,11,15,2,36,1,7,7,4,4,9,42,12,2,26,21,10,14,9,3,8,3,9,30,9,12,14,6,0,12,10,7,14,0,6,11,12,15,6,17,3,5,12,4,1,1,6,1,1,17,3,0,2,1,0,7,14,2,9,6,13,9,1,13,0,117,27,122,44,91,47,7,47,51,31,33,16,33,4,20,39,23,12,26,10,47,4,34,4,7,47,46,30,33,3,11,11,31,17,8,30,49,36,13,15,5,26,50,12,1,232,1,0,1,10,12,24,2,9,74,17,5,3,33,0,42,1,8,17,44,9,13,3,3,4,7,4,5,4,15,6,14,2,10,1,13,6,7,23,5,1,15,9,18,2,0,0,1,8,5,3,4,3,2,1,1,0,0,10,8,24,3,0,8,4,2,4,7,2,17,0,27,13,3,2,6,5,4,5,6,14,10,1,12,1,7,27,0,2,9,12,10,14,4,12,21,2,9,10,5,15,0,13,0,0,9,3,5,7,18,6,2,5,0,6,0,10,6,0,6,4,7,11,6,0,4,1,6,2,5,0,11,25,18,7,10,13,31,11,2,0,14,11,1,2,3,2,2,1,1,1,8,0,2,10,1,8,1,1,1,2,2,1,0,6,2,1,0,0,1,0,0,5,3,3,1,2,271,6420
2020-03-15T17:00:00+0000,4,13,10,0,6,10,1,3,30,5,14,15,6,3,9,322,7,2,3,7,7,2,4,2,0,10,75,23,4,18,11,4,3,8,6,28,0,3,14,11,1,23,1,10,5,3,15,20,5,8,13,3,26,3,5,3,4,14,3,0,3,48,7,24,14,54,30,36,8,12,8,8,16,22,21,23,43,34,28,274,11,165,26,23,11,658,13,29,31,4,11,41,60,46,15,3,55,19,37,24,2,58,53,15,20,19,5,4,4,11,32,13,1,18,11,15,2,36,1,7,7,4,4,13,43,12,2,29,21,13,14,16,3,8,3,9,30,12,13,17,6,0,20,10,7,14,0,23,36,21,22,6,22,6,5,15,5,8,1,8,1,1,18,3,0,2,1,0,7,15,2,9,8,14,9,1,16,0,138,40,128,54,93,51,9,50,51,33,33,16,41,5,21,39,26,16,26,12,61,4,43,4,8,56,48,35,40,3,17,11,31,18,9,32,68,37,13,17,5,33,52,25,1,250,3,0,1,10,13,27,2,10,74,20,5,4,33,0,67,1,9,24,45,11,17,4,3,6,7,5,6,8,15,15,14,3,13,1,13,6,9,27,5,1,15,12,18,3,0,0,3,9,5,4,4,4,2,1,1,2,0,10,9,24,4,5,8,4,6,4,7,2,18,0,41,13,3,2,6,5,4,5,8,15,16,1,14,1,7,27,0,2,9,19,10,17,4,13,26,2,9,15,12,15,2,13,0,0,14,5,5,7,21,8,2,10,0,8,0,11,6,0,6,4,7,11,6,0,4,2,10,7,5,2,15,26,19,7,10,13,41,11,2,0,14,11,1,2,3,2,2,1,1,1,8,0,2,10,1,8,1,1,1,3,2,1,0,6,2,1,0,0,1,0,0,5,3,3,1,2,297,7367
2020-03-16T17:00:00+0000,4,18,10,1,6,13,1,4,36,7,16,16,10,3,13,394,7,2,3,16,7,2,4,2,0,14,101,24,9,19,13,6,5,13,7,31,0,5,21,16,1,27,1,11,5,4,18,48,5,10,16,4,30,3,5,3,7,40,6,0,3,49,7,66,37,54,34,37,10,13,9,10,24,41,42,32,51,56,38,322,15,175,31,38,11,724,33,38,43,4,11,68,105,51,42,22,62,20,71,25,2,58,72,15,24,36,6,8,6,19,38,19,1,23,17,19,8,51,3,20,19,8,11,22,46,17,2,33,25,16,18,16,6,27,4,11,39,12,13,17,6,1,31,14,14,21,1,25,53,27,25,10,25,7,6,20,14,9,1,11,1,6,25,3,0,3,1,0,11,21,2,10,11,14,19,2,17,1,208,49,207,57,109,53,10,58,61,34,34,16,46,12,28,56,37,19,58,15,79,6,48,10,10,71,63,43,44,3,20,11,41,22,10,33,86,43,13,18,11,36,68,27,1,315,3,0,6,11,14,31,2,11,93,20,6,6,33,0,69,2,11,33,49,17,17,4,3,6,9,5,8,8,16,18,14,4,13,2,18,7,13,29,13,1,22,13,30,3,0,1,4,9,6,7,8,6,3,1,1,11,0,10,12,27,4,5,8,6,7,4,8,2,19,0,52,20,3,3,8,6,5,7,10,17,17,4,15,3,10,28,0,2,10,19,14,19,10,18,36,3,16,17,15,16,2,16,0,0,18,9,5,8,27,11,4,10,0,8,0,14,6,0,8,7,9,11,6,3,8,2,14,9,8,2,18,32,21,9,12,13,54,16,2,2,19,16,3,6,13,6,2,1,1,3,8,1,2,16,1,11,1,2,1,3,2,3,1,7,2,1,0,0,1,1,0,5,3,3,3,3,360,9401
2020-03-17T17:00:00+0000,4,20,12,1,6,17,9,4,51,8,20,17,14,3,19,527,10,4,4,22,9,2,5,8,1,19,133,24,9,36,15,7,12,19,14,46,0,23,22,16,1,31,1,13,6,7,18,56,5,15,16,4,31,3,5,3,9,51,9,0,3,57,11,130,49,54,40,46,14,17,11,21,38,53,60,42,63,79,72,420,20,231,43,47,19,798,33,45,72,5,16,97,138,65,57,82,89,27,84,36,7,74,89,24,30,68,11,16,6,24,56,23,1,26,36,32,9,82,5,22,25,18,12,26,61,19,8,42,25,26,27,16,14,32,5,19,42,16,17,32,19,1,39,20,16,21,2,32,74,38,32,16,35,10,7,22,16,13,3,11,1,10,30,6,0,4,12,0,24,39,8,12,11,15,21,5,22,3,235,72,258,74,140,70,14,72,128,60,36,16,91,13,30,68,51,23,66,19,86,6,61,11,13,98,90,60,48,5,31,14,44,33,14,35,103,59,20,27,18,46,91,33,2,458,3,1,7,11,14,34,3,16,110,21,7,10,33,5,95,2,16,38,57,18,31,7,4,8,20,6,8,20,19,18,29,10,14,2,23,7,15,37,18,2,24,17,42,8,0,1,5,10,7,7,8,6,4,12,5,17,0,15,16,33,6,8,8,7,11,4,11,2,19,2,56,27,7,4,9,6,9,7,18,21,24,4,16,3,13,36,0,3,16,21,16,20,10,19,37,4,26,24,15,17,3,17,1,10,22,14,7,9,44,16,5,13,0,11,1,21,10,1,16,11,13,12,6,8,9,10,17,13,11,3,37,43,31,10,14,16,73,19,3,3,24,20,3,6,17,7,8,1,3,4,8,5,3,16,2,22,1,6,1,3,2,5,2,7,5,1,0,0,2,2,0,5,4,3,7,5,454,12424
2020-03-18T17:00:00+0000,6,25,17,5,11,21,10,6,58,10,25,20,18,3,24,656,12,7,8,23,14,7,7,9,2,38,204,31,13,53,16,9,19,23,19,55,0,29,22,18,2,34,3,20,6,7,19,71,5,15,20,4,42,3,11,10,11,72,19,4,4,66,12,166,56,54,44,56,17,26,13,24,50,69,74,48,80,95,79,511,28,246,52,63,30,828,50,46,95,10,21,125,189,79,71,103,109,32,108,53,7,105,108,37,34,80,11,23,10,29,62,31,9,29,36,46,15,96,5,35,29,22,22,35,74,28,10,51,32,29,45,23,40,37,12,29,55,18,29,50,22,1,43,28,17,25,3,34,95,40,36,26,46,11,9,29,20,17,8,13,2,12,45,10,0,7,16,0,25,48,12,18,12,18,23,7,28,3,302,114,306,99,182,93,22,111,173,72,37,31,114,16,41,95,63,42,77,26,132,7,77,16,13,136,122,68,62,7,35,16,57,49,18,46,114,65,27,30,41,68,107,45,3,668,7,7,7,22,38,42,6,27,130,22,18,14,47,10,118,2,19,52,68,27,41,12,5,13,26,8,12,36,22,20,38,14,19,2,38,8,17,48,19,7,39,21,46,11,2,3,8,14,9,9,14,9,4,12,5,20,3,18,22,50,7,11,15,18,18,4,14,7,20,2,62,34,9,4,11,11,15,8,24,31,28,4,16,8,18,47,1,3,17,23,16,23,11,24,58,4,29,36,15,20,3,17,2,13,24,14,8,9,63,22,5,22,5,16,1,22,11,4,21,19,20,14,9,13,17,15,23,22,16,8,69,53,43,14,18,28,90,21,8,4,40,27,3,6,22,12,8,3,3,6,8,5,3,17,4,29,1,7,1,3,2,5,2,8,8,1,0,0,3,5,0,11,7,4,15,5,598,15966
2020-03-19T17:00:00+0000,10,34,21,5,12,24,12,11,66,11,28,22,22,7,34,849,17,9,10,27,16,8,10,13,3,45,244,39,18,68,22,12,22,24,25,75,1,42,24,20,4,43,5,21,9,7,22,93,5,18,22,7,51,3,16,12,14,86,27,5,4,104,14,188,74,126,50,79,25,35,19,36,73,90,96,84,109,115,92,615,33,297,76,73,40,887,64,47,142,10,37,169,228,92,85,134,130,33,150,74,14,117,123,60,52,108,28,47,10,43,94,35,17,31,54,53,17,120,6,47,36,39,33,49,78,40,12,66,42,37,54,32,43,38,15,34,69,21,35,55,27,2,51,35,19,33,4,38,107,51,38,32,51,12,15,31,25,21,9,13,4,13,51,12,1,7,23,0,34,55,12,22,12,18,27,8,34,3,336,148,344,137,213,116,24,118,185,86,39,36,132,19,56,125,74,53,83,27,158,12,92,22,15,163,145,101,75,7,43,19,65,62,24,76,133,77,37,39,50,75,126,64,4,841,7,13,8,28,46,44,13,45,158,38,25,17,58,16,150,8,22,60,84,37,52,25,6,20,32,12,18,57,25,23,51,20,24,2,55,9,18,63,25,10,47,23,62,23,4,3,8,38,14,14,18,19,9,12,7,23,3,20,24,60,10,12,19,18,26,7,20,8,23,4,76,38,9,9,13,12,23,11,25,40,37,5,18,11,20,53,6,11,25,35,22,31,13,29,84,4,32,36,23,23,5,20,3,23,31,18,8,9,69,28,5,32,6,19,1,24,13,4,23,29,21,16,12,17,26,18,32,32,24,15,110,75,48,22,19,37,109,27,10,5,43,29,3,8,25,14,14,3,6,12,13,7,10,26,4,39,1,7,1,4,2,8,5,10,11,4,2,0,4,6,0,12,13,6,22,5,776,19967
2020-03-20T17:00:00+0000,13,37,39,7,15,24,15,11,80,12,35,24,27,12,47,987,25,17,15,32,18,11,13,15,4,53,304,61,23,72,25,15,26,28,26,88,6,53,25,23,4,51,7,25,9,7,29,99,6,21,26,10,61,3,25,12,17,104,33,5,4,128,14,207,92,126,61,84,30,36,20,39,75,98,111,109,119,134,124,715,38,410,97,113,52,928,73,56,167,15,42,208,262,111,92,159,162,35,165,84,20,130,130,64,69,143,31,58,12,58,105,38,17,38,54,55,23,146,6,60,40,63,57,59,91,54,17,74,52,42,57,47,49,43,17,39,75,25,38,60,28,3,60,41,20,44,7,42,110,61,47,32,63,12,18,38,31,24,11,14,5,18,61,18,1,7,30,2,43,68,17,26,14,19,32,9,45,11,398,204,421,171,257,147,35,141,219,105,43,47,158,22,62,152,93,61,101,33,201,13,113,25,30,206,173,112,82,10,58,20,72,88,33,102,140,82,45,53,51,77,134,83,5,1039,24,17,8,49,66,52,15,58,173,76,29,23,61,16,202,22,26,155,100,42,65,29,7,28,47,14,28,68,28,24,56,31,31,2,63,11,18,74,27,10,56,39,71,24,5,6,10,42,20,16,20,30,13,14,7,30,6,23,26,66,11,20,22,23,40,10,28,12,25,4,101,45,14,11,16,12,28,11,30,60,42,5,18,16,25,58,6,11,30,37,26,36,14,34,99,5,35,39,28,29,6,20,3,32,38,24,9,16,77,42,5,35,6,23,1,25,17,4,24,33,24,18,13,17,27,22,44,37,31,24,136,95,65,25,22,47,129,31,13,9,61,39,3,9,29,15,14,4,6,14,19,10,11,28,4,60,2,10,1,8,3,11,5,12,15,9,3,1,8,10,5,17,14,7,30,5,945,24048
2020-03-21T17:00:00+0000,14,39,39,7,15,36,17,12,89,15,38,25,29,12,58,1097,29,23,19,34,21,16,13,20,4,63,334,61,26,86,29,16,28,29,26,100,6,61,26,25,6,55,7,26,9,7,29,108,6,24,26,11,62,5,29,13,23,117,47,5,4,150,14,207,118,169,73,104,34,36,20,40,77,103,148,122,134,139,138,775,41,477,127,130,58,958,73,73,167,18,45,234,279,111,93,159,192,36,194,96,20,137,138,79,95,160,37,67,16,60,110,38,17,40,89,68,27,157,9,60,40,73,72,67,94,55,22,77,59,43,61,65,60,51,22,43,75,25,39,68,32,4,68,44,23,44,7,45,123,61,49,34,63,16,21,43,31,30,11,20,5,18,68,21,3,7,34,3,44,83,17,28,22,21,34,9,54,12,443,241,434,190,282,190,43,166,233,126,55,47,173,25,66,162,100,80,101,39,233,17,132,31,33,216,188,123,90,10,77,22,79,97,39,108,157,97,54,62,51,88,141,89,5,1218,31,27,8,53,69,52,25,75,216,92,36,43,108,32,240,27,29,171,113,54,88,33,15,39,53,14,42,92,38,25,67,39,37,4,72,20,24,85,30,25,68,39,139,27,7,9,11,46,26,18,23,33,13,21,20,54,6,25,29,84,11,41,31,30,53,11,34,20,27,4,120,57,16,14,18,14,38,13,38,79,48,6,19,17,31,74,8,11,51,49,39,42,18,42,110,6,39,46,41,32,6,20,5,32,39,26,9,20,80,42,5,40,6,28,1,25,20,4,24,33,28,18,15,18,29,24,51,49,36,32,157,120,74,27,27,54,140,36,14,10,65,39,3,9,29,15,14,4,11,19,21,10,11,29,4,71,4,10,1,18,3,11,5,12,15,9,4,1,10,10,5,17,17,7,36,7,1073,27350
2020-03-22T17:00:00+0000,14,41,39,7,15,40,18,12,99,19,42,28,30,12,63,1245,55,24,27,35,21,18,13,21,4,67,339,67,26,86,29,17,28,29,26,105,6,61,26,27,6,60,10,26,9,7,29,118,6,28,27,13,66,6,29,14,24,127,47,9,4,154,14,207,134,176,73,104,34,38,32,44,96,103,156,139,137,140,157,822,41,501,143,133,61,987,97,102,167,18,45,255,290,115,98,159,195,38,199,96,20,149,143,79,113,160,42,86,16,65,125,45,17,47,93,72,27,161,10,60,40,75,85,69,96,55,23,85,63,44,62,65,60,59,24,43,75,26,44,72,32,5,76,45,23,44,9,45,134,74,50,37,77,20,23,45,32,33,11,27,5,18,84,21,5,7,40,3,51,89,29,30,31,24,34,9,57,16,459,267,482,195,292,201,59,197,258,143,56,58,188,33,78,180,146,95,103,43,262,17,150,31,61,228,198,124,117,10,80,25,80,109,41,118,163,114,58,64,70,88,141,92,5,1305,50,35,8,54,72,60,27,100,232,103,43,47,136,37,258,27,32,214,126,63,96,39,15,42,60,20,50,108,38,25,79,46,39,6,81,20,27,96,35,29,77,39,150,28,7,11,11,48,26,21,26,34,16,21,21,66,6,29,29,84,11,43,31,42,61,20,44,24,29,7,125,61,20,16,18,15,47,14,44,83,61,6,19,17,33,78,17,11,61,51,41,49,22,42,120,20,39,47,56,39,8,24,5,32,44,26,12,20,80,43,5,42,6,31,1,25,22,4,24,33,29,18,15,18,29,24,54,53,37,32,163,120,82,27,27,64,154,36,17,10,70,39,4,9,35,15,14,4,11,21,21,10,11,30,4,80,4,10,1,19,3,12,5,12,15,9,6,1,11,11,6,17,17,7,45,8,1141,29663
2020-03-23T17:00:00+0000,14,52,62,10,16,47,20,15,109,24,51,29,34,19,71,1370,57,26,29,38,22,20,18,23,8,78,380,85,27,96,30,19,29,37,39,109,6,62,28,29,7,67,11,35,13,7,47,128,6,33,29,14,72,6,29,14,27,150,59,9,5,166,14,253,149,230,90,108,42,39,33,48,106,121,195,149,154,156,168,870,48,528,150,155,61,1016,100,112,260,18,49,275,305,151,131,203,219,70,212,100,22,165,155,87,125,176,49,92,21,81,141,47,19,51,100,78,27,193,13,94,69,78,101,73,108,67,24,96,67,51,71,82,93,69,30,44,100,27,45,78,34,5,85,49,27,51,15,45,148,82,56,47,96,21,24,47,32,36,12,31,8,23,91,31,7,12,46,3,57,101,29,30,31,26,36,36,66,18,484,320,497,206,353,230,64,212,261,153,58,61,202,33,88,191,146,98,141,45,295,20,159,38,66,240,207,141,125,11,92,37,87,126,55,124,201,155,67,73,70,95,177,114,12,1396,51,37,19,60,86,72,30,113,248,126,46,49,158,40,291,32,34,224,138,79,100,39,16,42,61,22,56,113,45,25,80,47,42,6,86,22,31,104,36,32,79,53,181,29,9,11,13,61,34,22,30,48,20,28,23,78,8,31,34,98,12,46,31,59,69,22,50,28,29,10,140,70,22,20,23,15,51,18,54,99,72,8,21,20,43,83,17,13,65,53,53,54,27,45,151,22,48,56,61,42,11,27,5,41,48,30,12,22,84,45,10,44,6,38,1,31,22,4,29,38,30,18,15,18,31,24,58,58,41,44,183,133,88,30,31,81,173,48,17,12,77,51,8,16,40,18,22,7,11,22,27,12,17,43,6,85,4,13,1,20,6,14,6,12,17,15,8,1,13,13,6,18,17,8,51,8,1299,33332
2020-03-24T17:00:00+0000,15,63,64,12,17,52,22,18,135,31,65,35,43,20,82,1547,73,30,34,39,30,24,22,25,16,85,450,97,28,107,35,21,35,43,41,116,6,66,30,32,10,74,11,36,13,7,53,147,6,37,29,22,87,7,34,17,34,176,62,10,5,185,14,275,163,234,97,122,48,42,34,54,121,127,204,193,159,168,192,959,52,589,161,166,63,1046,114,123,306,25,54,310,323,159,145,235,225,76,228,107,29,183,166,102,140,195,50,97,22,96,154,51,19,59,114,110,30,215,15,101,93,89,119,89,114,83,27,107,71,59,83,96,110,72,31,51,105,31,51,86,38,9,107,51,31,60,16,53,161,90,65,50,100,24,30,56,34,41,12,38,14,28,100,35,7,12,50,4,59,113,32,36,39,31,42,41,79,20,520,368,561,234,398,263,77,236,278,169,61,68,235,37,99,205,175,101,157,52,326,20,183,46,76,283,258,154,147,29,114,43,97,143,61,179,385,164,79,97,102,126,249,145,14,1564,57,47,38,80,101,89,35,129,287,150,52,54,171,56,320,40,48,266,171,87,117,43,18,44,67,33,62,134,52,34,93,49,49,7,93,31,36,111,43,56,86,69,212,33,18,12,15,86,42,26,34,56,24,38,27,87,8,43,38,131,15,53,40,80,81,25,55,35,31,11,155,80,26,22,26,19,55,26,58,118,84,10,24,22,53,108,17,16,68,67,68,62,38,56,164,24,48,58,72,46,12,28,5,48,55,33,16,26,86,57,12,48,6,41,5,31,22,5,34,47,39,21,18,21,33,27,60,62,52,62,213,170,101,32,38,92,189,49,19,15,84,56,9,17,43,19,25,10,12,39,31,18,24,53,7,87,5,16,2,30,6,15,7,15,21,17,9,2,21,14,9,22,17,8,58,16,1499,38106
2020-03-25T17:00:00+0000,15,69,72,13,19,59,24,22,152,38,79,37,48,23,91,1687,79,33,47,43,36,28,22,31,21,94,551,99,32,111,37,22,42,51,41,130,7,70,32,34,10,85,14,38,15,7,58,163,6,47,33,26,101,9,44,22,44,201,92,24,7,194,16,294,189,262,114,126,51,46,39,65,141,145,225,228,177,187,223,1036,63,667,174,197,67,1099,135,137,350,28,61,336,351,176,149,249,251,130,255,116,34,197,177,110,153,205,55,112,32,107,175,70,36,72,124,125,38,238,17,111,102,111,124,110,128,89,33,122,76,68,95,110,115,83,38,60,114,31,60,95,42,12,112,56,34,64,18,67,167,108,72,59,105,24,33,58,35,44,12,46,14,35,110,38,11,14,53,4,62,120,35,45,43,32,47,44,88,24,556,402,601,266,463,301,90,269,300,197,68,97,265,39,111,226,188,109,164,60,376,21,210,59,101,298,266,171,176,61,140,78,117,157,65,215,502,221,92,123,139,158,281,181,26,1804,75,72,46,104,152,116,42,172,316,193,64,69,189,70,380,51,53,352,210,130,137,48,20,50,85,38,76,151,67,39,125,60,59,7,109,40,44,129,51,71,97,70,244,39,20,16,19,108,45,33,37,63,27,43,39,115,12,52,48,167,19,77,45,94,106,32,74,47,34,15,164,96,33,25,31,19,61,34,69,129,97,12,29,23,74,127,23,34,80,77,80,77,53,64,182,28,50,69,77,54,12,28,6,58,61,44,17,34,95,65,12,50,8,56,6,37,36,5,39,47,41,24,24,24,37,28,63,71,59,82,243,183,112,53,43,108,218,62,23,16,95,59,10,23,44,24,29,13,12,41,33,22,32,61,7,91,5,20,3,37,7,15,8,17,23,17,13,3,30,15,11,29,20,10,77,17,1747,43705
2020-03-26T17:00:00+0000,19,75,73,13,21,71,27,23,166,45,95,46,55,28,100,1833,93,41,53,48,45,39,25,40,27,109,634,109,36,121,40,25,46,60,46,140,7,72,36,43,16,99,14,42,16,7,59,176,6,56,36,31,111,9,52,25,54,232,95,31,8,225,16,321,223,287,125,150,52,58,43,73,162,174,245,259,188,205,230,1097,70,721,192,211,93,1160,154,161,398,29,71,368,377,196,178,278,256,150,277,124,48,222,180,123,169,229,55,120,38,124,199,80,66,84,142,139,48,286,19,129,113,130,138,115,146,99,46,141,95,76,99,116,134,92,41,65,118,34,73,110,46,13,118,58,37,73,23,71,176,113,79,66,113,29,39,75,35,47,13,50,21,43,125,42,12,14,57,5,69,135,47,52,47,33,57,46,98,31,620,458,655,295,546,368,110,315,330,251,75,115,295,43,134,254,221,117,174,69,410,21,230,64,126,340,290,179,201,84,156,99,121,170,72,249,550,258,101,165,160,166,303,225,30,2061,91,79,59,118,209,134,48,206,345,246,72,108,212,77,424,60,61,407,233,145,149,74,27,59,97,42,89,198,82,40,169,62,70,7,117,47,47,150,65,98,109,74,257,54,36,16,20,139,77,35,67,72,33,63,48,131,19,57,78,182,20,99,52,107,130,36,87,64,41,19,195,109,36,31,35,25,71,39,73,139,115,15,29,25,91,141,26,53,96,90,89,94,58,64,194,36,68,84,90,59,14,29,6,64,65,48,22,40,97,79,12,59,9,65,9,40,37,8,46,53,42,25,26,24,43,29,72,83,71,87,264,218,132,58,54,118,242,69,23,16,101,66,10,27,46,25,35,16,14,45,37,25,45,67,8,95,5,23,4,40,9,15,10,17,27,20,19,6,39,17,14,33,21,11,94,17,2032,49510
2020-03-27T17:00:00+0000,20,87,76,15,24,80,32,23,191,49,106,56,63,36,114,1972,108,44,116,51,51,45,28,47,32,127,685,117,40,130,45,25,51,68,49,142,9,76,44,43,21,104,18,49,17,7,71,186,6,65,40,34,130,10,63,28,63,255,126,38,12,245,16,344,241,322,156,168,61,61,52,82,184,192,264,293,206,220,245,1182,77,761,209,222,107,1218,173,166,454,32,90,404,407,229,229,308,276,155,301,138,55,249,191,146,183,236,62,134,44,143,216,88,89,99,158,151,60,320,22,147,134,148,151,128,161,112,48,161,100,86,111,129,139,98,45,75,129,37,77,141,56,13,129,62,44,78,29,88,190,124,89,72,130,37,47,79,39,50,16,53,27,52,146,47,12,22,61,9,74,143,52,56,50,36,63,62,120,33,677,513,727,337,629,428,125,341,371,275,96,122,313,54,138,270,239,135,189,81,448,24,261,84,149,377,335,202,235,95,170,132,134,176,84,290,624,278,106,189,185,183,328,281,54,2321,117,95,64,139,229,150,53,242,398,273,87,109,238,105,510,61,77,618,243,164,167,75,29,69,112,66,105,204,97,40,192,74,79,9,131,55,56,179,69,124,123,81,346,60,44,17,24,149,89,38,75,76,43,71,57,163,20,61,94,192,23,118,62,137,146,45,103,79,46,25,211,123,54,34,41,27,77,47,77,169,122,22,34,27,97,153,33,56,107,97,110,102,66,77,218,40,79,95,97,63,14,29,6,80,68,58,28,46,102,91,13,64,11,69,9,43,42,9,50,56,56,25,32,25,54,32,86,98,79,93,291,254,145,61,63,134,263,81,29,20,117,72,12,30,49,26,42,16,15,49,37,40,61,72,14,98,5,24,4,44,11,15,10,19,30,21,22,7,51,18,16,33,22,27,102,19,2235,55608
2020-03-28T17:00:00+0000,22,98,84,15,24,80,36,25,206,53,117,65,72,36,123,2114,137,44,145,61,51,52,28,59,32,136,730,126,48,136,47,26,51,70,49,156,9,82,46,47,22,109,18,56,17,7,77,205,6,79,40,35,136,10,77,33,107,281,128,39,14,267,19,363,255,322,174,175,61,63,57,88,193,227,277,296,216,222,262,1261,90,812,229,230,116,1242,189,175,488,37,96,427,434,229,248,342,288,155,313,143,64,279,198,153,183,252,72,149,47,158,232,100,104,101,176,168,61,329,24,147,134,157,170,132,179,118,54,168,109,91,120,152,149,103,51,82,142,42,81,151,56,13,134,65,49,78,31,97,197,124,100,77,136,43,50,91,45,55,16,54,30,52,161,50,12,22,68,9,79,161,52,59,54,44,67,62,123,38,714,559,783,366,682,463,144,364,401,296,116,122,341,68,153,307,266,143,205,90,483,29,280,90,162,411,391,237,284,105,177,139,137,209,94,306,654,339,116,209,185,189,335,307,71,2457,129,103,66,146,253,171,72,252,434,327,94,123,270,124,533,68,100,705,263,200,183,78,40,70,113,83,126,222,118,42,207,79,91,9,138,61,56,191,80,179,139,113,401,62,45,20,26,159,94,45,79,89,48,73,70,196,21,67,101,218,30,141,64,151,146,51,111,88,47,51,236,134,62,37,49,27,87,53,118,184,143,29,37,27,109,167,38,76,119,99,126,114,76,86,262,44,82,106,97,71,15,29,6,80,68,63,31,51,107,100,15,71,12,71,9,45,43,10,53,60,58,26,33,28,56,37,88,103,94,106,325,278,160,67,69,145,280,89,34,20,134,72,12,30,49,26,44,16,15,55,38,51,66,75,19,113,6,29,4,49,12,17,10,19,31,21,22,7,55,21,20,36,27,27,112,20,2432,60397
2020-03-29T17:00:00+0000,23,112,84,15,24,80,39,28,214,53,118,66,79,36,128,2222,143,49,164,61,51,54,30,61,32,163,779,129,48,137,47,27,51,71,49,157,9,82,46,48,24,110,18,56,19,7,83,212,6,79,45,39,139,10,79,34,108,303,128,39,14,268,19,368,263,328,174,176,61,63,57,95,194,239,298,329,236,223,271,1319,92,851,238,276,127,1252,223,196,505,37,98,435,439,282,262,371,292,155,333,144,66,283,206,153,194,261,80,153,51,181,246,114,124,103,183,168,64,370,26,147,154,162,185,136,183,118,58,173,112,92,122,152,149,104,53,83,147,49,81,158,57,20,136,67,51,78,32,99,203,124,102,78,140,56,57,92,48,75,19,55,32,63,182,50,15,23,68,9,82,162,56,62,54,45,73,67,132,41,758,602,802,385,699,501,155,389,441,315,117,122,347,72,161,331,276,158,212,93,524,34,297,111,179,430,416,247,308,106,181,143,139,214,102,339,675,348,119,224,202,190,335,315,72,2632,131,122,78,151,263,176,72,281,445,330,106,134,280,146,554,77,106,729,272,227,187,94,43,79,118,84,127,246,121,42,224,87,94,13,143,66,59,201,87,184,145,117,419,64,48,23,33,162,103,49,85,103,49,73,77,205,21,68,105,227,39,143,66,165,151,55,113,88,48,52,243,139,66,39,52,27,98,60,122,193,155,30,40,27,115,174,48,88,123,117,137,124,84,90,290,50,97,124,107,71,16,31,6,80,73,71,33,53,110,101,15,73,12,73,9,45,43,10,56,62,60,27,36,28,56,37,100,108,99,107,340,287,161,68,72,152,292,90,34,20,140,72,12,32,49,26,46,16,15,55,39,52,73,77,19,115,6,29,4,51,13,17,11,19,31,22,22,7,55,21,20,38,27,27,121,20,2520,63487
2020-03-30T17:00:00+0000,24,121,89,20,27,92,40,33,224,56,129,68,80,40,134,2293,146,52,164,69,58,59,34,79,35,175,838,139,55,140,56,28,52,83,54,171,9,84,49,49,25,117,21,57,20,7,87,231,7,81,54,40,146,12,83,38,113,323,154,39,15,275,20,422,293,330,195,182,75,63,59,101,205,243,320,348,243,235,275,1385,102,901,242,311,129,1277,231,207,537,39,107,451,465,297,292,391,304,169,344,148,74,302,212,191,198,284,80,157,54,198,256,125,129,106,188,173,70,393,26,173,169,178,191,141,203,133,61,177,114,101,128,153,159,108,53,84,147,49,87,160,64,20,141,70,54,96,33,100,214,137,105,84,147,59,63,97,51,79,19,55,33,67,187,55,15,24,73,11,83,169,58,64,54,46,79,68,135,46,782,633,844,396,745,515,168,412,450,345,130,157,370,80,169,345,281,172,219,101,564,42,310,118,182,463,457,267,345,139,202,168,170,241,106,395,694,387,127,241,206,191,359,329,73,2744,134,137,84,167,270,192,81,298,475,345,113,138,295,157,580,82,119,739,294,259,200,99,45,86,121,93,136,252,138,43,248,98,96,18,151,70,74,209,96,216,151,127,474,69,54,23,39,177,107,51,89,111,50,75,79,220,22,71,114,252,41,147,73,199,178,56,117,94,55,54,252,159,71,41,62,27,106,61,130,206,167,32,42,29,121,188,48,89,131,125,146,128,89,96,318,54,101,139,121,75,17,31,6,113,75,77,34,56,117,106,17,75,14,85,9,47,50,18,58,62,60,30,36,28,62,39,105,122,104,114,352,305,170,74,84,178,313,90,34,20,167,79,14,37,55,30,50,18,19,58,39,52,81,77,19,118,7,29,4,52,15,18,16,19,31,23,22,9,58,24,22,39,28,34,123,20,2687,67556
2020-03-31T17:00:00+0000,26,124,94,25,28,112,41,39,241,58,132,79,93,43,149,2443,166,57,183,78,59,65,35,89,38,186,883,147,71,149,63,35,56,91,55,195,9,96,50,50,28,119,25,72,23,8,89,241,7,87,57,42,161,15,89,41,118,343,177,40,15,290,22,468,316,341,208,210,78,78,67,108,248,252,349,368,288,244,300,1474,117,960,258,342,135,1317,260,218,548,42,121,473,498,315,326,416,316,178,356,153,80,313,248,215,209,303,82,171,57,215,290,142,137,113,198,184,72,431,29,180,178,196,196,155,220,140,69,193,117,124,134,168,165,116,58,88,164,54,95,165,68,21,148,75,56,105,33,108,225,141,107,87,160,60,68,97,52,83,22,60,35,81,195,56,15,29,79,12,87,179,60,68,60,49,86,97,148,49,826,684,918,448,809,568,177,433,470,361,151,193,403,89,176,369,300,184,229,109,600,47,336,130,194,508,505,295,384,160,209,185,182,286,115,452,755,435,143,257,221,195,376,378,87,3053,135,156,97,183,313,211,98,308,511,381,123,155,312,163,640,94,137,782,324,292,211,121,50,102,127,94,154,280,174,47,302,131,97,18,168,80,84,234,108,249,163,156,506,76,61,23,43,186,115,53,103,117,51,75,88,257,25,78,118,272,42,158,80,250,208,65,134,104,62,56,288,188,94,46,68,35,122,71,143,219,175,37,43,30,133,200,54,108,153,128,178,136,95,99,386,61,109,170,134,75,24,31,6,131,83,97,37,71,126,117,18,77,18,109,9,48,55,18,60,70,73,32,43,36,68,43,114,161,116,119,377,324,180,83,91,193,332,97,38,20,174,84,15,37,57,33,63,20,23,63,41,55,89,82,19,121,7,29,6,57,15,26,19,23,33,27,23,10,65,26,30,43,30,37,134,24,2900,73532
2020-04-01T17:00:00+0000,26,136,98,25,30,115,43,43,275,64,139,82,109,50,159,2570,184,60,191,84,60,74,38,94,45,209,963,162,77,159,71,39,59,95,59,216,10,106,55,55,30,126,26,79,23,8,95,244,8,90,62,42,169,17,96,44,138,359,192,42,15,306,22,497,331,341,218,221,85,82,78,113,261,271,373,393,310,253,322,1602,124,1058,266,384,155,1390,277,223,578,44,134,488,550,336,362,447,337,179,372,177,85,332,275,251,215,337,93,182,63,222,317,158,152,130,214,209,79,476,33,188,189,208,216,162,243,148,93,205,139,131,142,183,177,118,61,92,186,66,99,191,80,22,152,78,61,116,41,112,234,147,112,94,175,65,68,113,59,91,24,63,41,90,211,61,19,31,83,17,91,189,63,73,63,53,98,109,173,56,864,759,979,477,867,625,199,451,504,402,172,205,440,91,190,400,314,195,244,123,622,52,346,144,211,561,566,329,456,183,238,200,216,306,125,502,779,453,157,283,237,208,388,422,104,3288,146,197,109,209,349,226,107,334,577,405,128,162,328,191,703,101,160,871,342,320,241,136,53,120,137,97,193,317,201,60,332,152,100,22,192,92,102,254,119,297,188,189,609,81,63,24,48,212,128,59,114,133,51,82,92,285,33,91,128,299,43,197,96,263,247,73,166,128,63,61,302,202,105,52,74,38,136,73,158,232,179,40,44,35,139,209,63,119,182,138,207,146,115,105,447,63,120,192,152,86,27,32,7,149,88,103,38,77,127,124,21,78,19,121,9,49,57,21,60,72,81,33,52,38,69,43,126,185,129,128,401,345,184,96,99,204,350,110,55,20,183,87,16,38,60,33,63,20,23,71,44,59,93,87,23,125,7,34,6,61,16,26,21,23,33,28,26,10,65,29,32,47,31,41,145,28,3087,79788
2020-04-02T17:00:00+0000,26,146,98,29,34,136,46,46,286,69,149,91,119,52,174,2737,207,63,216,86,70,74,40,99,53,229,1014,180,78,169,74,39,63,97,59,229,11,111,57,59,33,136,26,81,24,8,106,254,9,97,66,45,178,17,106,48,149,388,198,44,16,317,22,543,347,358,231,247,94,93,86,125,283,285,391,424,322,265,354,1675,133,1145,310,436,165,1414,294,232,608,50,150,506,587,361,387,517,343,203,385,194,113,348,285,297,233,368,97,219,65,233,348,167,178,141,219,225,83,516,33,193,203,216,226,167,257,154,102,218,141,141,153,194,187,121,69,97,196,85,106,229,82,25,156,83,63,124,42,113,241,157,116,105,182,69,75,115,64,97,25,67,43,104,223,62,20,34,86,19,94,200,63,73,64,57,109,120,190,63,891,810,1038,501,949,675,235,481,514,439,179,222,455,100,202,509,337,211,261,135,660,58,373,163,221,603,616,352,538,222,259,241,242,332,145,600,827,481,166,299,258,219,400,468,133,3430,168,214,128,229,404,246,111,365,612,467,138,178,356,224,747,108,175,989,365,347,262,145,62,134,142,100,218,350,225,70,369,171,112,26,207,107,121,282,131,339,205,211,673,85,73,25,52,232,149,67,124,165,57,94,112,307,36,104,164,352,45,216,108,284,278,75,186,136,67,66,311,217,113,59,79,44,150,81,178,248,207,44,48,38,153,229,76,123,200,163,249,160,133,108,565,70,130,222,161,91,27,34,10,170,95,111,43,89,131,131,24,79,21,160,9,50,63,22,61,74,84,40,56,44,73,45,133,268,143,134,443,355,191,102,112,214,367,115,58,23,193,87,17,39,61,39,68,20,26,77,45,62,98,89,31,130,8,38,7,64,20,28,26,25,34,34,28,10,74,30,33,48,35,50,157,30,3321,86352
2020-04-03T17:00:00+0000,28,156,100,30,38,147,46,50,328,72,156,94,133,53,182,2891,217,66,219,91,74,77,43,105,60,252,1073,198,82,176,76,41,76,100,62,268,12,116,57,59,38,145,28,95,25,9,111,268,12,106,67,49,186,22,117,53,154,437,212,46,16,349,23,574,370,373,255,261,100,102,89,136,294,294,411,434,366,277,371,1726,139,1215,327,482,206,1440,301,244,683,55,167,513,627,379,420,550,344,211,395,218,130,379,293,313,248,386,102,230,67,251,367,187,189,161,227,259,87,546,34,197,206,224,237,177,278,160,111,233,148,144,163,217,193,130,73,101,209,102,112,247,87,26,164,86,65,131,47,116,252,158,120,105,188,71,79,118,65,104,26,71,44,118,246,66,20,35,102,21,99,209,70,89,65,60,114,132,206,71,917,854,1099,524,1033,780,250,503,529,479,195,225,475,108,215,569,351,218,281,145,683,62,405,175,258,655,666,375,586,256,286,241,262,366,170,662,887,502,174,336,294,224,406,481,164,3607,198,241,138,239,453,268,123,385,645,495,177,205,377,253,807,116,189,1163,382,387,278,152,82,153,149,103,238,369,248,79,394,198,126,34,224,125,142,293,138,371,225,244,727,87,86,25,60,245,175,67,134,182,60,105,120,373,39,117,182,385,48,239,125,323,311,87,199,142,73,71,324,247,122,67,81,56,155,87,192,261,222,50,50,40,163,242,82,126,207,172,268,174,163,120,581,84,142,235,171,97,30,34,12,210,104,116,52,95,140,138,27,81,25,189,12,51,67,22,62,75,91,42,58,51,80,49,142,279,158,150,482,380,196,159,120,226,397,123,71,29,202,88,17,41,66,41,73,22,28,80,48,63,101,92,33,134,9,43,8,66,20,28,31,27,35,35,28,11,80,36,35,50,41,61,166,30,3560,92646
2020-04-04T17:00:00+0000,29,159,100,30,40,155,47,50,349,73,165,96,141,54,194,3001,222,69,222,93,82,80,47,109,60,265,1103,202,88,182,79,49,79,104,62,275,13,120,57,65,42,151,29,95,26,11,128,279,12,107,67,52,196,22,124,54,160,465,212,47,16,362,25,584,379,381,257,267,100,112,89,137,325,308,432,441,379,284,402,1745,142,1263,341,482,211,1453,318,255,700,60,173,528,656,380,460,600,345,222,401,231,151,404,307,315,248,395,115,246,67,255,388,188,207,166,235,291,94,583,35,204,220,229,245,182,293,166,131,242,154,151,169,217,195,136,76,103,215,123,114,272,92,27,165,91,66,131,50,116,257,158,125,110,196,71,81,119,82,106,27,74,44,121,249,70,24,35,112,25,104,220,70,96,67,64,117,141,211,78,943,894,1125,550,1071,814,270,517,543,514,234,231,486,109,230,583,363,222,291,149,696,71,415,198,270,671,696,396,617,275,301,275,282,370,185,682,917,550,182,343,313,229,420,499,179,3742,198,259,150,261,461,282,129,398,680,543,182,216,402,272,864,116,207,1168,391,455,285,153,85,168,152,109,258,381,264,91,422,219,132,34,250,136,142,301,146,403,244,252,760,102,93,29,60,268,180,78,145,197,66,111,130,414,48,125,183,441,53,257,132,324,326,94,212,155,78,78,346,270,125,76,87,60,171,98,216,283,231,53,52,40,171,258,91,137,221,184,288,183,183,123,619,111,152,280,185,104,31,34,13,210,112,117,59,103,141,140,27,82,26,193,14,51,70,22,64,76,94,45,59,51,81,53,145,292,164,160,506,400,200,174,125,240,414,129,73,31,209,88,19,43,67,42,75,25,29,83,51,64,107,94,33,138,10,43,8,70,21,28,35,27,37,36,28,11,93,41,36,51,41,65,173,30,3667,96904
2020-04-05T17:00:00+0000,29,163,109,32,41,155,47,51,361,75,165,96,143,54,197,3106,228,71,222,94,87,80,47,109,62,289,1124,203,88,182,79,51,79,104,62,276,13,120,57,66,43,152,29,95,26,11,130,293,13,108,68,55,198,22,126,59,161,491,228,47,16,365,25,594,403,381,258,296,101,112,96,139,337,308,462,468,385,284,417,1770,142,1269,347,514,213,1453,318,278,718,61,182,540,667,380,474,624,346,225,424,238,155,421,308,315,251,414,120,258,67,263,399,204,215,170,242,303,95,609,40,208,225,235,245,183,294,166,132,243,155,155,169,239,198,136,78,103,217,123,117,272,93,29,172,94,68,131,50,116,263,158,125,113,202,72,86,122,82,109,27,74,46,138,266,72,24,37,114,25,104,222,70,97,70,64,120,145,223,78,955,954,1137,553,1082,823,279,537,550,528,244,231,496,112,237,589,371,230,312,150,708,73,425,205,278,679,700,397,626,299,310,288,283,378,187,714,951,567,192,361,325,232,421,518,186,3822,199,283,151,268,474,284,131,403,687,547,183,222,406,282,874,116,214,1176,392,466,289,161,86,168,155,113,266,412,268,94,461,224,138,35,270,142,150,312,157,416,261,253,760,105,96,29,60,270,189,87,146,201,68,115,130,425,57,134,196,445,54,263,136,344,337,104,215,158,79,88,354,272,126,78,89,63,175,104,227,292,240,58,55,40,172,261,91,137,227,186,303,187,210,126,684,119,154,294,188,104,32,34,14,210,123,120,59,105,142,141,27,82,26,199,14,51,70,22,64,76,94,45,61,51,81,53,146,304,167,167,508,404,204,177,126,255,425,132,74,35,210,88,20,48,69,43,92,25,29,84,54,65,113,95,33,141,10,46,8,70,21,28,35,27,37,36,29,11,93,53,36,51,45,68,185,31,3744,99429
2020-04-06T17:00:00+0000,30,167,109,34,41,163,50,51,375,80,171,96,152,60,200,3208,230,71,224,97,87,82,52,109,76,298,1161,210,88,185,79,51,81,108,65,297,14,124,60,66,44,152,29,101,26,12,133,310,13,113,69,56,212,23,130,62,161,537,234,47,16,370,25,649,421,417,263,303,110,115,101,149,377,311,480,472,388,301,423,1812,146,1275,348,577,223,1475,329,291,756,64,201,556,685,401,490,697,349,230,440,243,159,442,318,372,260,434,123,266,72,276,405,225,222,176,264,328,96,637,43,209,227,242,251,186,307,169,136,256,163,157,171,257,201,137,78,106,217,123,119,284,96,30,184,101,76,136,51,118,272,176,126,116,210,75,88,127,86,117,27,75,46,144,279,75,24,37,114,25,104,230,71,97,71,64,122,147,228,79,979,983,1165,562,1105,843,282,551,582,550,248,235,504,112,245,610,372,233,322,152,723,77,431,210,285,708,714,403,640,313,320,308,293,387,198,734,967,589,194,366,334,235,434,547,206,3938,208,314,153,281,490,292,146,410,707,564,185,237,418,293,895,129,223,1245,403,500,294,163,86,169,157,120,279,417,272,95,512,226,141,41,278,143,184,317,159,428,271,273,826,111,105,29,64,293,205,88,147,220,68,115,133,437,59,138,203,483,56,272,140,353,357,108,219,166,85,90,365,289,128,80,91,65,182,106,247,300,256,60,55,40,180,278,92,145,245,190,310,196,223,138,723,126,158,310,198,107,33,34,14,240,126,124,62,106,144,148,30,82,27,211,16,53,72,23,65,76,94,45,62,51,83,53,148,324,175,178,512,408,204,184,132,261,431,137,75,35,215,89,21,48,69,44,105,26,29,85,56,66,113,97,34,142,11,48,9,71,21,28,35,27,37,40,29,11,97,54,37,51,46,68,192,31,3888,103111
2020-04-07T17:00:00+0000,31,170,115,34,43,173,50,51,420,83,177,101,164,65,212,3396,239,84,226,102,90,83,52,116,80,318,1238,217,90,193,80,52,89,109,70,310,14,127,60,68,44,159,29,105,26,12,133,335,14,119,70,57,243,23,142,62,168,609,244,47,20,405,26,674,452,430,269,314,118,125,110,153,399,327,511,474,403,324,444,1865,149,1356,367,617,225,1497,338,303,784,70,205,565,710,410,509,751,353,239,465,252,159,471,332,405,263,480,125,278,78,285,424,237,239,182,270,345,100,679,48,216,236,251,259,193,330,174,146,273,170,167,176,262,201,141,85,116,234,125,139,296,102,33,197,102,78,141,55,121,285,183,130,119,239,81,95,129,86,124,27,76,46,150,301,77,24,39,121,26,108,234,75,100,74,67,122,150,237,81,1014,1022,1222,591,1166,883,286,576,592,561,256,264,530,123,258,626,391,241,336,156,732,79,443,227,336,734,760,421,668,322,332,320,301,394,206,781,993,617,198,373,360,244,451,561,246,4078,219,330,172,300,524,298,155,436,740,583,193,255,427,312,927,139,240,1305,412,566,302,187,90,190,166,120,284,456,284,104,536,260,143,41,293,159,205,328,167,474,294,288,884,116,114,29,65,307,217,91,154,241,68,125,137,455,66,147,223,529,60,289,147,360,384,110,225,180,86,93,370,303,143,83,95,74,186,109,254,304,270,63,59,40,198,289,98,152,268,198,325,216,234,143,757,134,165,330,203,111,38,34,22,275,132,128,65,115,148,152,30,88,28,219,17,53,83,24,71,83,97,46,64,54,93,57,153,330,181,188,532,418,217,201,143,272,442,145,88,41,228,90,23,48,76,44,109,27,29,86,58,66,121,103,37,147,11,51,9,75,26,31,41,28,43,47,30,11,98,54,39,52,47,72,205,33,4090,108269
2020-04-08T17:00:00+0000,31,175,115,36,49,177,56,53,444,89,184,104,171,69,224,3501,243,89,232,103,98,86,56,121,85,345,1317,233,91,199,91,55,102,115,72,325,14,133,64,71,49,161,31,106,28,14,135,351,14,125,73,59,252,23,147,63,172,639,255,47,20,411,26,719,493,455,273,329,119,132,114,154,479,354,555,481,413,340,452,1935,152,1408,389,656,240,1530,347,312,828,78,213,571,739,422,539,811,366,270,481,258,173,495,342,422,263,494,135,294,82,300,440,240,270,190,289,350,109,737,49,227,249,263,270,205,350,180,162,292,176,181,178,266,204,149,91,127,246,147,153,310,103,34,199,105,89,145,55,121,289,189,132,125,257,82,99,130,89,128,27,84,50,155,319,81,24,41,127,26,117,244,77,106,80,69,123,156,253,82,1037,1044,1258,611,1218,931,305,603,602,594,259,275,550,129,270,648,402,245,343,168,740,85,457,245,346,777,813,438,722,338,348,333,322,410,224,828,1025,638,206,400,395,252,457,583,262,4234,239,374,187,310,556,323,164,449,758,597,200,269,435,340,961,158,246,1367,418,600,306,205,95,204,173,122,318,476,309,108,562,276,151,45,305,180,277,339,179,520,305,334,909,122,132,35,66,318,246,96,161,247,76,133,142,491,69,158,226,563,63,314,157,367,416,113,236,186,88,100,374,319,149,98,99,78,201,110,281,317,280,65,65,40,211,299,104,153,284,203,354,219,252,146,844,149,168,360,211,120,38,34,22,338,146,136,65,123,153,156,32,88,28,225,18,53,88,24,71,83,99,50,64,55,94,57,159,357,198,195,573,428,228,209,154,282,448,146,91,41,237,91,25,49,77,51,122,28,31,90,59,67,126,107,39,151,11,52,10,79,27,31,43,34,49,55,31,12,100,54,44,54,48,79,212,33,4265,113553
2020-04-09T17:00:00+0000,32,186,128,41,51,184,62,54,459,93,189,107,179,71,233,3617,266,93,241,104,112,90,57,123,92,355,1392,247,93,203,92,59,109,119,74,347,14,138,64,72,52,164,33,106,29,14,139,360,14,129,74,67,263,23,154,66,175,669,263,48,20,429,26,743,520,459,283,338,120,140,143,161,506,375,602,498,438,358,477,1975,153,1471,411,720,257,1552,361,325,854,83,224,581,757,424,586,868,368,275,490,269,183,510,356,440,266,514,139,297,91,308,476,285,302,202,299,370,114,794,52,239,255,279,282,207,364,187,176,307,178,190,180,286,211,154,96,137,256,150,170,323,109,55,206,106,93,145,62,122,296,195,135,128,262,83,108,133,90,132,31,86,50,158,341,81,26,47,127,26,121,254,81,109,83,72,129,164,267,84,1065,1104,1314,640,1268,958,318,638,631,611,262,277,627,135,279,705,409,249,357,179,754,88,477,259,394,817,832,451,754,379,365,340,333,435,230,858,1061,663,209,412,412,258,467,593,266,4343,250,390,194,323,590,341,172,460,801,619,202,279,452,347,988,163,257,1456,441,684,307,216,97,218,181,129,331,502,322,119,583,293,153,45,313,186,278,349,194,540,309,334,936,127,136,35,71,326,255,96,165,252,82,137,145,511,74,168,234,614,64,326,165,386,441,118,244,229,89,106,388,334,153,103,101,80,205,117,316,333,286,68,66,40,216,309,111,171,292,214,372,224,253,147,907,158,185,386,224,123,41,35,22,347,199,140,66,125,161,158,35,92,34,236,19,53,90,24,72,85,101,52,68,59,95,57,165,366,203,204,578,435,233,217,160,285,458,169,93,47,242,91,27,49,82,56,126,28,32,94,59,70,130,108,48,154,11,55,12,85,29,32,47,35,53,58,32,13,102,57,47,54,49,85,225,34,4438,118472
2020-04-10T17:00:00+0000,33,192,129,42,51,184,64,56,467,94,193,108,183,73,234,3716,269,96,248,104,112,92,61,123,108,390,1416,248,94,209,92,59,116,123,74,358,14,140,65,74,52,169,33,107,29,14,141,368,14,129,74,79,294,24,166,66,178,718,268,49,20,438,26,750,542,463,283,361,120,142,158,166,531,377,619,499,459,359,491,2004,155,1508,435,737,267,1552,361,341,871,85,229,581,764,434,612,898,376,286,498,276,193,510,356,440,303,527,144,303,94,316,498,316,328,212,306,384,120,811,53,244,259,284,299,211,373,187,181,315,178,197,181,295,215,158,100,144,262,157,186,330,112,55,211,111,98,145,66,122,308,195,137,129,269,83,111,133,94,134,31,87,50,161,350,86,26,47,134,26,130,263,87,116,86,76,133,164,282,84,1071,1126,1361,645,1289,982,332,652,649,618,279,277,683,139,291,751,416,252,373,186,763,92,477,277,404,838,857,464,799,412,371,355,347,437,236,866,1071,686,219,424,420,261,469,606,266,4442,264,419,199,337,617,348,185,477,823,635,207,279,454,352,1022,188,277,1496,446,718,307,216,103,226,189,129,340,502,337,122,597,298,156,49,324,191,307,351,202,549,323,343,951,128,137,35,76,327,265,96,169,255,86,140,146,517,76,171,244,636,64,344,170,390,447,125,250,242,91,113,393,368,153,110,102,84,225,120,325,336,294,68,82,40,226,315,111,173,297,216,393,227,258,151,968,163,188,401,232,123,43,35,22,396,207,141,67,128,166,158,35,92,36,236,19,53,91,27,72,85,102,52,70,60,101,58,166,402,210,214,597,435,249,221,167,289,469,174,100,47,243,92,28,50,86,56,137,28,33,96,59,71,132,110,48,154,11,55,12,89,30,33,47,35,55,63,32,13,102,58,47,54,50,88,230,36,4520,121795
2020-04-11T17:00:00+0000,33,194,135,42,52,198,64,57,469,99,196,110,184,73,237,3794,270,96,249,104,112,94,63,125,109,401,1436,250,94,213,95,59,118,124,75,370,14,140,68,74,55,169,33,107,29,14,142,377,15,129,74,87,298,25,170,67,181,744,271,49,20,451,26,759,560,466,283,365,130,144,161,172,547,428,621,504,464,376,508,2025,158,1516,446,757,271,1576,370,359,892,86,232,586,769,446,626,938,378,296,505,279,216,514,370,468,303,538,165,309,94,320,506,341,353,213,311,389,122,844,55,247,262,286,300,211,400,193,182,323,179,203,185,295,216,158,100,147,262,165,197,342,112,77,213,112,104,145,66,122,315,195,138,131,270,83,112,136,95,135,31,89,50,167,358,86,26,48,137,30,133,268,87,117,87,77,133,164,287,95,1090,1159,1403,645,1322,1003,341,656,656,630,292,311,840,140,296,755,419,254,376,192,771,94,517,314,433,841,869,473,813,431,373,357,352,452,245,942,1078,724,219,425,420,265,474,623,293,4545,282,427,203,340,630,350,189,482,837,645,208,285,456,363,1036,190,282,1545,452,735,321,228,103,232,189,131,351,526,338,123,615,305,161,55,326,193,322,351,205,563,324,344,962,129,140,35,78,330,270,96,174,263,89,149,146,524,77,173,248,661,66,351,173,392,468,142,253,242,92,119,402,375,165,114,105,86,229,123,343,344,294,73,87,44,227,323,139,176,310,219,418,232,258,152,973,166,189,407,237,125,44,35,22,418,215,143,68,129,170,163,35,94,36,238,19,53,92,28,72,85,102,54,74,60,108,58,169,412,219,217,610,439,265,222,172,292,476,175,101,50,254,93,28,50,86,57,141,28,34,96,59,74,137,110,50,154,11,55,12,89,33,33,52,35,55,71,32,14,102,58,49,54,50,91,233,36,4607,124737
2020-04-12T17:00:00+0000,33,194,136,42,53,198,65,57,474,101,197,112,186,73,238,3838,272,96,250,107,112,95,72,125,109,455,1459,254,94,214,95,59,119,128,75,373,14,141,69,79,55,172,34,107,29,14,144,379,15,135,74,87,309,27,171,69,181,749,271,51,20,455,26,771,579,467,290,373,130,145,162,176,559,428,633,508,466,393,520,2056,158,1541,456,760,277,1576,370,371,900,88,238,586,782,453,635,958,400,296,506,284,226,514,370,468,306,548,169,313,100,325,515,353,375,215,311,398,123,859,55,248,267,291,304,211,404,193,186,345,180,203,185,295,216,159,100,150,264,166,215,350,112,80,214,112,106,145,68,122,316,195,139,133,274,88,112,137,95,139,31,89,50,195,358,86,26,48,140,30,133,271,87,117,87,80,133,168,288,95,1134,1161,1422,665,1331,1013,342,663,666,634,292,313,857,145,298,756,425,257,381,198,790,104,517,318,435,854,875,477,816,431,379,361,352,456,249,1056,1085,739,222,427,423,265,475,627,293,4618,283,427,208,344,631,355,191,487,837,649,208,285,462,382,1044,193,284,1550,454,751,321,228,109,232,194,138,355,526,342,123,622,305,165,55,330,202,328,351,205,570,331,347,962,129,143,35,84,330,281,96,175,279,89,154,156,530,77,173,251,675,68,357,174,393,472,142,255,244,93,121,418,379,166,120,105,87,230,128,344,345,295,74,87,45,227,326,162,178,311,221,426,234,259,152,980,167,193,412,239,126,44,35,22,433,230,143,69,132,171,164,35,96,36,242,19,53,92,29,72,85,102,54,74,63,108,58,173,421,220,256,619,443,272,223,174,296,483,176,101,53,256,94,28,50,88,57,141,28,34,97,60,75,139,112,55,155,11,58,12,89,38,33,52,35,55,74,32,15,102,58,50,54,50,94,242,36,4660,126567
2020-04-13T17:00:00+0000,33,197,146,42,53,204,67,57,475,101,197,112,192,73,308,3880,274,98,250,107,112,95,72,125,109,473,1468,256,96,216,95,59,120,129,75,374,14,141,69,80,55,173,34,107,31,14,148,383,15,137,74,87,316,27,173,71,181,761,271,51,21,461,26,784,592,467,290,377,130,145,163,183,567,428,649,510,473,400,530,2064,159,1554,460,783,283,1576,370,374,913,90,242,591,792,453,637,977,404,296,510,287,227,514,374,481,306,561,172,319,102,327,516,354,390,215,313,417,124,874,55,249,268,292,304,212,408,193,191,347,180,203,185,305,220,159,100,153,264,176,219,352,113,92,216,112,106,145,68,122,316,195,140,133,286,90,115,140,100,146,31,89,51,213,359,86,27,50,141,31,136,273,87,117,89,81,133,169,291,97,1140,1178,1435,672,1338,1014,348,665,671,635,292,313,862,146,303,759,428,259,381,202,798,107,526,330,436,855,883,477,822,463,383,361,359,458,249,1115,1095,756,224,434,433,265,475,628,314,4678,283,427,208,345,638,359,195,487,847,652,208,289,464,387,1049,195,285,1550,454,755,322,230,109,238,196,141,359,530,343,124,630,308,166,56,330,206,328,351,240,578,331,354,992,133,147,41,85,339,287,136,176,282,90,159,157,538,77,186,251,683,68,363,175,393,483,151,256,247,94,123,419,381,174,122,107,88,230,129,344,354,296,75,89,45,237,327,164,183,317,224,430,234,259,152,990,168,202,414,247,126,45,39,22,433,232,144,69,132,173,165,36,96,36,242,19,53,92,29,72,85,104,54,74,63,109,59,178,427,220,258,636,444,275,224,174,299,486,176,101,53,258,95,28,50,90,58,141,28,34,99,60,75,142,113,55,155,11,58,12,93,38,33,52,35,57,84,32,15,103,58,51,54,50,95,243,36,4721,128162
2020-04-14T17:00:00+0000,33,198,149,42,54,205,67,57,480,101,197,112,195,73,313,3940,278,100,250,109,122,95,74,126,114,477,1509,263,97,216,95,59,122,133,77,385,14,146,71,81,56,174,34,109,31,14,149,386,16,138,75,89,329,27,182,72,182,776,276,51,21,468,26,809,606,483,300,379,136,148,167,189,577,435,680,517,483,410,541,2083,161,1562,463,788,284,1585,373,378,955,95,244,597,800,455,653,1026,414,297,513,288,235,549,376,495,310,570,172,338,104,330,525,357,411,227,318,422,125,926,59,253,272,301,304,213,420,197,200,358,180,207,187,308,221,163,100,157,275,176,223,361,114,99,221,113,112,153,70,122,317,206,144,135,288,90,116,144,100,151,32,91,51,221,362,87,27,52,143,32,145,275,96,119,90,81,134,170,294,98,1160,1185,1443,678,1352,1021,354,682,675,644,301,325,880,146,305,762,431,259,391,204,806,107,530,331,440,862,912,481,834,468,400,369,362,462,250,1154,1101,772,224,437,434,265,475,666,320,4765,299,444,215,345,657,361,197,494,861,666,217,289,466,393,1066,198,287,1606,463,782,325,233,112,239,199,145,364,540,358,125,647,308,166,56,336,219,334,359,242,591,339,356,1008,147,153,41,86,347,303,139,181,284,90,162,161,546,77,191,258,707,68,367,178,407,502,154,262,249,97,126,422,401,188,128,110,88,231,129,352,364,297,77,90,46,244,329,168,188,332,225,432,238,264,153,1001,170,204,422,249,129,45,39,22,435,240,148,69,135,175,170,37,98,36,257,22,54,97,29,73,85,105,54,74,63,110,59,178,433,228,268,656,448,276,227,174,303,490,178,109,53,262,96,28,50,95,62,150,29,34,100,60,75,142,115,66,155,11,58,13,96,39,34,55,35,61,89,32,15,103,59,53,54,50,96,251,37,4794,130596
2020-04-15T17:00:00+0000,33,207,150,43,54,213,68,57,485,101,201,113,199,75,320,4014,282,105,253,113,131,95,79,129,120,526,1534,269,99,226,98,61,129,140,78,391,15,149,72,85,58,175,34,110,32,15,150,391,16,145,75,90,339,27,182,77,185,794,281,51,21,483,26,841,625,485,302,385,136,155,180,191,602,454,690,521,490,416,551,2105,172,1618,475,808,290,1611,383,385,988,100,251,600,811,458,716,1039,414,300,519,294,242,562,382,502,340,576,183,346,108,342,529,382,421,232,320,448,129,966,60,259,281,309,318,216,445,203,220,368,182,215,188,309,222,166,102,164,281,182,227,387,122,106,226,113,114,159,70,123,320,206,150,136,292,90,117,146,101,155,32,96,51,228,378,89,30,53,145,32,148,279,99,120,92,82,137,180,313,99,1184,1201,1473,701,1370,1051,355,690,681,658,302,349,891,151,307,780,442,260,401,255,823,111,543,342,449,871,930,483,852,492,408,388,372,464,253,1194,1132,788,229,446,446,268,489,681,322,4873,301,472,222,362,677,380,206,504,864,674,220,298,470,416,1090,199,290,1642,471,813,326,245,115,274,210,147,372,557,373,130,650,314,167,58,343,226,341,364,247,611,346,366,1028,149,156,43,89,348,310,145,190,299,93,165,162,556,78,199,262,730,69,388,179,413,510,162,270,252,98,127,427,420,194,133,116,91,238,130,356,367,310,83,93,46,246,334,175,195,356,226,451,245,275,158,1022,175,211,432,254,132,48,39,22,459,255,149,69,136,176,172,37,98,36,272,22,54,99,29,74,87,107,54,74,64,113,61,182,439,229,270,665,455,284,233,179,305,494,178,111,54,270,97,30,50,95,62,153,29,34,100,60,79,145,117,74,155,12,58,13,99,43,34,57,35,66,98,32,15,104,59,53,54,50,99,253,38,4907,133851
2020-04-16T17:00:00+0000,33,216,151,46,54,223,68,58,486,104,208,115,202,76,330,4078,285,108,257,118,135,97,85,129,128,549,1582,274,102,237,99,61,132,142,78,404,15,155,73,88,60,175,39,112,33,15,151,400,17,151,75,91,358,28,195,80,188,809,286,51,22,527,27,857,638,500,320,402,139,159,188,198,623,463,710,528,504,422,554,2128,176,1650,494,824,303,1630,392,391,1016,103,257,602,832,458,735,1055,422,354,532,297,244,578,385,519,385,585,189,357,124,344,541,414,450,245,322,477,136,996,63,268,284,318,332,218,467,208,231,378,185,223,189,315,225,167,103,180,284,183,235,404,129,113,226,113,124,161,72,123,325,210,151,139,296,92,119,149,101,161,33,97,51,232,391,89,30,53,147,34,153,288,101,123,94,84,140,185,327,102,1200,1228,1496,705,1407,1083,362,714,688,679,313,371,933,160,308,800,457,262,408,262,826,147,547,369,470,884,960,495,871,508,415,391,379,476,266,1211,1140,811,229,452,462,271,496,692,338,4967,323,505,238,367,704,385,211,510,877,687,228,299,475,423,1105,213,294,1697,474,842,328,247,115,284,212,153,382,567,380,133,651,335,171,58,358,240,354,369,257,624,361,385,1041,151,160,43,90,351,333,151,191,304,98,169,164,565,81,206,271,757,70,405,183,419,522,168,270,253,99,132,433,431,198,134,120,93,239,134,363,373,315,86,94,47,251,340,179,203,372,232,457,247,277,159,1051,175,214,447,256,133,48,39,22,477,264,154,72,138,180,176,38,98,36,283,22,54,102,29,74,88,107,54,75,67,114,64,185,451,236,275,684,458,295,239,187,313,511,179,114,57,272,97,30,53,98,65,162,30,34,100,60,80,146,120,79,155,12,58,13,104,44,34,61,35,70,108,33,16,107,64,56,54,50,100,285,41,5001,137252
2020-04-17T17:00:00+0000,33,218,153,49,54,226,70,58,493,104,212,116,204,77,341,4173,287,111,267,119,140,101,90,131,139,554,1628,281,104,246,99,62,133,143,78,427,15,158,73,90,61,175,39,112,33,15,152,409,17,151,75,91,362,29,199,82,191,832,291,51,22,537,27,876,658,501,342,420,141,164,194,202,681,473,726,533,511,434,560,2154,182,1670,502,862,306,1685,400,392,1029,106,267,606,836,468,762,1077,426,354,542,298,250,592,387,528,396,590,192,370,129,357,545,430,455,250,329,511,139,1033,68,275,286,322,350,220,486,209,238,383,190,231,194,318,230,171,106,187,286,191,242,414,133,118,229,114,125,166,73,125,329,211,154,147,310,94,122,151,102,164,33,102,52,241,409,90,30,54,155,35,160,299,105,123,95,84,141,188,333,103,1212,1234,1518,711,1420,1102,364,737,698,696,316,391,1028,161,312,818,461,263,416,274,832,164,559,386,477,898,976,502,893,521,417,395,383,492,273,1235,1150,832,229,463,467,275,500,700,347,5061,339,518,241,373,725,391,222,520,885,706,231,300,479,426,1123,214,298,1745,481,884,335,251,116,291,222,157,387,584,391,133,662,351,174,60,360,248,374,373,270,651,363,404,1052,153,160,47,92,357,338,153,192,314,101,173,167,571,86,209,277,766,71,414,188,428,527,193,276,259,99,134,440,440,206,136,121,95,243,135,375,381,323,90,95,47,259,340,193,204,375,234,468,252,283,162,1064,178,217,453,261,133,48,39,23,518,278,157,72,142,182,200,39,101,36,292,22,54,104,30,74,88,107,54,76,67,117,64,185,453,236,277,688,473,303,240,189,313,515,180,118,58,273,100,30,54,101,66,207,31,34,102,61,82,146,121,80,155,13,58,13,106,46,36,61,35,71,116,33,18,110,65,58,54,50,103,292,41,5121,140301
2020-04-18T17:00:00+0000,33,221,153,50,54,229,70,58,496,104,214,117,207,77,351,4206,289,113,271,119,140,101,94,131,140,598,1657,287,105,254,100,62,136,144,78,434,15,158,74,90,62,177,39,112,34,15,152,411,17,151,75,91,364,29,201,85,195,842,291,51,22,555,27,887,669,503,357,426,141,164,196,207,698,489,743,539,531,437,574,2161,184,1693,512,866,308,1695,419,395,1054,110,270,611,843,474,817,1097,427,354,547,300,259,604,393,528,401,594,199,383,131,358,552,455,467,254,330,516,143,1048,70,276,288,329,354,222,509,215,244,395,190,234,197,318,233,171,108,193,288,191,257,422,133,121,234,114,132,166,74,125,331,211,154,149,315,94,122,154,102,164,36,105,53,248,432,90,30,56,158,35,163,301,105,128,95,84,141,193,338,103,1226,1245,1538,715,1452,1124,382,768,704,705,319,391,1043,162,316,829,468,264,418,282,838,170,565,395,483,905,990,506,899,532,427,400,394,497,277,1252,1158,845,230,468,474,276,503,703,348,5106,339,524,245,382,742,393,232,520,889,710,236,302,480,436,1134,218,303,1745,484,888,336,251,116,296,228,157,391,590,399,138,669,361,176,63,366,249,400,377,270,663,370,412,1066,155,166,48,93,360,345,154,195,316,109,177,171,573,87,210,281,797,71,426,189,429,542,201,277,260,99,136,442,443,209,138,134,95,245,137,388,382,336,90,97,47,259,342,193,208,377,234,471,253,288,163,1079,180,220,460,261,133,48,39,23,518,287,158,72,142,183,228,39,102,37,295,22,55,107,31,74,89,107,54,76,68,120,65,187,468,239,279,697,473,305,244,192,315,519,180,119,60,275,100,30,54,102,68,218,31,34,103,62,85,146,121,88,155,13,58,13,108,51,36,62,35,73,127,33,18,112,65,60,54,50,107,302,41,5202,142351
2020-04-19T17:00:00+0000,33,221,153,50,54,229,70,58,496,104,216,117,207,79,356,4222,289,115,272,119,140,121,96,131,152,602,1670,292,108,257,100,62,136,144,78,435,15,158,74,90,62,177,39,112,37,15,152,414,17,156,75,91,364,30,203,86,195,854,293,51,24,567,27,909,676,503,399,426,141,165,197,207,708,492,753,550,539,448,576,2166,184,1707,517,884,309,1695,419,397,1083,112,272,611,843,476,845,1121,429,358,553,301,260,604,394,528,403,599,199,391,131,363,553,463,483,254,331,533,164,1060,72,280,288,329,355,222,511,215,252,397,190,244,197,318,235,172,110,194,288,192,260,422,133,122,236,114,132,166,76,125,332,212,156,149,315,94,122,157,102,166,36,106,53,249,434,90,30,56,159,35,164,304,105,130,95,84,141,193,340,103,1238,1255,1540,720,1461,1128,385,782,705,710,320,398,1048,163,317,830,470,265,419,290,842,177,589,412,514,909,993,507,916,533,430,405,394,509,279,1262,1166,877,230,478,477,276,505,708,348,5156,348,535,248,382,756,394,232,526,894,712,239,302,482,437,1138,221,304,1792,485,902,336,256,116,302,228,157,399,598,401,143,672,364,177,64,367,252,407,378,284,669,371,412,1071,168,166,48,94,361,353,154,195,330,109,178,174,576,89,212,284,807,72,444,189,431,545,203,277,262,100,138,444,445,210,142,135,100,245,138,392,384,339,90,97,47,261,344,200,209,379,235,471,256,291,163,1080,181,220,460,261,133,48,39,23,518,297,160,72,142,184,230,39,102,37,304,22,55,110,31,74,89,107,54,76,68,120,65,188,471,239,280,705,474,307,244,192,316,524,180,119,60,279,101,30,57,103,68,222,31,34,103,62,85,148,122,91,155,13,58,14,108,52,36,62,35,73,128,33,18,112,66,60,54,50,107,310,41,5234,143725
2020-04-20T17:00:00+0000,33,235,154,50,54,234,70,58,496,104,219,117,207,79,362,4252,290,116,272,120,163,122,96,131,152,626,1682,296,108,258,100,63,136,144,81,436,15,161,74,91,63,177,39,113,37,15,152,421,17,156,76,92,369,30,204,86,196,880,299,51,24,573,28,926,688,676,415,429,146,166,200,211,731,502,765,552,541,455,582,2174,185,1719,518,891,317,1703,423,400,1085,119,276,613,848,480,879,1141,430,358,576,303,260,639,394,541,407,613,203,401,134,365,553,465,489,256,331,545,165,1091,72,281,289,331,359,223,522,216,262,398,190,246,197,320,236,173,110,196,289,192,263,423,136,122,237,114,132,173,77,125,333,212,157,149,316,94,123,158,106,166,37,107,53,250,437,90,30,58,159,35,166,305,109,131,95,85,141,193,340,103,1249,1257,1547,721,1469,1141,386,786,706,722,322,403,1067,164,323,836,470,265,422,292,842,187,602,438,514,915,1010,508,925,539,436,405,396,513,279,1277,1170,889,230,479,482,276,506,715,360,5188,357,541,252,382,761,400,239,529,902,721,241,305,482,440,1157,223,309,1837,486,928,336,256,116,306,229,159,399,604,405,144,675,365,178,65,372,254,409,378,292,669,371,416,1077,170,166,49,94,364,354,159,195,335,111,178,184,579,93,213,299,812,72,454,191,443,557,203,277,266,100,139,446,447,211,147,136,110,246,138,396,392,341,90,100,48,261,345,202,210,380,236,472,257,291,163,1093,182,220,461,263,133,49,39,23,529,303,160,72,144,187,237,39,106,37,324,22,56,111,32,75,89,108,54,76,68,120,65,189,473,239,285,705,477,312,249,195,319,526,181,120,62,281,101,30,59,103,70,222,31,35,106,62,85,149,122,94,155,13,58,14,108,53,37,64,36,75,132,33,18,113,66,71,54,50,110,316,44,5281,145450
2020-04-21T17:00:00+0000,33,240,155,60,54,236,71,58,501,107,220,122,207,79,367,4310,290,118,276,121,168,124,98,134,155,652,1716,299,113,271,103,63,137,145,82,447,16,162,75,92,63,178,39,113,37,15,153,425,17,159,81,93,371,30,210,89,197,885,301,51,24,589,29,938,717,686,427,433,148,170,203,216,751,516,770,555,565,462,587,2189,185,1754,526,904,319,1706,430,401,1099,122,283,616,857,480,916,1150,432,368,578,308,264,659,400,549,409,618,208,406,138,367,556,478,500,262,332,559,170,1114,72,288,291,336,372,226,548,224,280,402,191,253,206,323,239,175,113,203,292,193,270,427,137,124,241,115,133,177,77,126,335,212,157,149,318,94,123,160,108,167,37,110,53,252,445,90,30,59,163,35,171,307,111,133,95,85,141,194,351,103,1258,1273,1592,723,1479,1161,386,800,710,733,337,408,1081,165,331,848,472,265,423,304,845,190,612,442,516,921,1027,508,940,543,447,407,406,525,282,1317,1182,894,230,490,493,276,511,720,364,5246,363,550,256,384,770,401,243,536,904,730,242,306,484,447,1170,239,312,1856,489,948,339,258,117,310,238,162,403,611,414,146,681,379,182,65,376,263,417,379,305,690,374,418,1081,171,167,50,97,366,356,161,195,346,117,178,188,584,96,216,307,831,73,467,192,447,565,205,280,268,100,141,449,452,212,151,139,125,247,138,409,392,342,90,100,48,263,346,203,212,383,236,475,262,298,166,1112,182,222,474,265,134,50,39,23,533,324,162,73,147,189,244,39,107,46,333,22,56,116,34,75,89,108,54,76,69,121,65,190,477,239,288,714,485,316,249,206,320,529,184,122,62,284,102,30,63,114,73,225,32,35,106,62,88,150,125,109,155,13,59,14,108,53,37,65,36,76,148,36,18,119,67,73,56,51,113,335,45,5356,147642
2020-04-22T17:00:00+0000,33,243,155,60,54,248,71,59,506,110,221,122,207,81,373,4358,292,118,279,121,176,124,101,135,159,676,1744,300,114,273,103,63,138,148,87,464,17,164,76,92,65,182,40,115,40,15,155,429,17,159,83,93,376,30,211,90,198,907,302,51,24,665,29,950,743,698,438,449,159,171,205,219,757,524,777,569,570,470,597,2207,186,1794,529,927,330,1713,437,403,1104,125,291,621,863,482,937,1169,441,376,582,314,268,670,404,554,421,626,227,412,142,368,560,488,507,268,334,568,183,1144,74,289,295,340,377,229,564,236,303,414,191,258,210,323,240,176,117,207,293,194,284,437,138,129,242,115,141,182,78,126,335,212,160,149,318,94,124,161,108,171,38,110,55,258,463,92,30,60,167,35,173,309,112,136,96,86,143,199,363,104,1266,1279,1608,732,1518,1189,389,827,718,741,339,409,1100,170,337,859,475,268,426,314,850,212,623,483,527,923,1039,508,959,545,461,417,412,543,285,1342,1187,931,233,507,499,276,513,736,366,5299,384,554,257,394,790,411,249,539,911,742,247,322,484,449,1183,243,314,1881,491,985,339,260,119,341,242,162,411,616,420,147,682,397,182,65,386,270,425,379,307,707,380,423,1086,174,173,50,97,368,364,163,196,347,120,186,189,587,100,219,312,847,74,482,194,449,572,208,280,274,101,146,453,462,213,156,142,128,252,140,422,396,346,93,100,48,268,351,213,213,383,236,479,264,306,166,1133,185,225,484,272,134,52,39,23,538,334,163,73,149,190,254,41,108,48,341,22,56,119,34,75,89,108,54,76,70,124,65,190,485,239,298,722,488,324,251,206,324,534,185,123,62,288,102,30,65,118,75,226,32,35,106,63,90,150,129,115,155,13,59,15,112,53,37,68,37,82,162,36,18,120,67,76,56,53,115,343,46,5437,150086
2020-04-23T17:00:00+0000,33,244,155,62,54,253,75,60,519,112,224,122,207,81,382,4408,292,125,281,121,181,139,105,135,159,698,1776,305,114,277,104,63,140,150,87,468,17,164,77,92,66,184,40,115,41,16,155,432,17,160,83,94,381,30,214,90,204,908,304,51,24,675,31,959,761,706,451,456,160,173,209,221,763,534,790,572,582,477,599,2220,190,1812,535,930,332,1723,439,408,1113,138,313,626,871,485,963,1185,445,378,588,315,276,679,408,565,421,629,230,423,147,371,561,494,522,270,334,576,187,1170,75,291,296,343,388,231,566,243,310,422,191,259,210,325,244,179,118,209,295,194,291,441,142,150,243,117,142,184,80,126,337,213,161,149,321,94,127,162,109,173,38,111,55,261,472,92,30,62,168,35,177,309,113,137,96,87,144,201,370,104,1289,1284,1627,736,1560,1202,398,834,726,748,339,414,1113,172,337,879,476,268,430,328,850,229,639,495,533,924,1045,509,975,563,469,418,414,552,291,1377,1197,962,236,513,503,278,517,742,380,5376,415,559,260,395,796,421,253,544,915,749,254,322,484,456,1189,244,314,1911,491,1024,340,260,120,359,247,162,419,622,430,148,683,433,183,65,395,271,429,381,318,724,385,427,1091,176,176,50,99,369,371,164,196,367,122,187,191,591,102,220,317,854,74,490,197,451,578,208,282,275,103,153,454,466,214,164,143,136,255,141,427,398,352,94,101,48,268,356,216,215,396,237,481,266,315,166,1142,187,226,491,272,135,53,39,23,548,336,165,73,150,191,257,41,109,54,349,22,56,121,34,75,89,108,54,76,70,124,65,190,492,239,300,728,489,327,252,208,328,537,185,126,62,300,102,30,65,120,82,229,33,35,106,63,92,152,131,124,157,13,60,16,114,56,37,68,37,88,169,36,19,120,67,81,56,55,117,364,47,5524,152144
2020-04-24T17:00:00+0000,33,249,159,62,54,254,76,63,526,115,228,122,212,82,386,4447,297,125,281,122,181,139,105,136,164,706,1802,312,115,279,104,63,141,153,95,482,17,164,78,93,66,185,41,115,41,16,156,435,18,161,84,97,381,31,214,91,205,925,305,51,24,687,37,966,787,716,462,461,165,174,210,223,767,551,803,573,590,488,622,2231,190,1823,539,937,335,1730,444,414,1127,141,316,628,875,490,986,1194,447,378,588,316,277,686,408,566,421,634,236,426,154,374,564,514,527,275,335,579,189,1187,77,292,298,344,395,231,576,247,316,427,191,261,211,329,245,179,119,220,296,194,303,445,142,157,246,117,142,186,80,126,338,215,161,150,324,96,127,165,109,174,38,111,55,263,490,92,30,66,173,35,184,312,114,137,97,87,144,201,373,104,1296,1289,1637,738,1580,1227,402,847,732,762,346,415,1119,172,347,884,479,272,435,341,857,240,651,512,535,930,1056,509,994,571,475,423,417,563,294,1394,1202,981,240,518,505,278,520,758,384,5433,420,564,265,398,813,433,256,546,921,757,255,322,487,459,1194,248,321,1929,496,1061,341,262,122,359,251,167,422,622,482,148,686,436,186,65,401,277,437,387,330,732,386,430,1100,178,182,52,99,375,373,175,196,373,122,189,192,603,102,225,319,868,74,498,199,454,580,209,282,277,105,154,454,474,219,170,145,141,257,141,432,398,355,96,101,49,271,360,219,216,399,237,482,266,318,167,1154,188,226,497,275,135,54,39,23,569,348,169,73,150,195,258,41,113,55,385,22,59,123,34,75,90,109,54,76,71,126,66,191,501,239,305,737,492,332,252,211,330,541,185,126,62,303,102,30,65,130,87,231,33,35,107,63,94,152,131,133,157,13,60,16,114,56,38,70,37,90,181,36,20,121,67,85,57,55,117,377,47,5595,154001
2020-04-25T17:00:00+0000,33,251,159,62,54,257,77,64,530,115,229,123,213,82,389,4490,298,125,282,122,181,142,106,136,164,716,1827,313,115,279,104,63,142,156,95,483,17,164,79,94,66,185,41,115,41,16,156,436,18,161,84,98,382,31,215,92,207,928,306,51,24,701,39,970,789,720,470,465,165,175,210,223,780,554,807,573,600,492,634,2246,191,1835,542,946,339,1733,444,422,1139,142,322,630,877,490,1001,1204,448,380,588,317,278,687,410,567,423,641,242,428,154,375,564,517,536,275,339,589,191,1204,82,299,298,344,395,231,587,250,320,432,191,261,213,331,254,180,120,226,296,194,309,449,142,159,249,117,143,186,80,126,339,215,161,150,325,96,128,166,109,174,39,111,55,264,493,92,30,66,173,35,192,316,114,137,97,87,144,202,376,105,1307,1292,1648,742,1591,1261,403,851,739,768,349,419,1134,173,348,888,484,273,437,342,859,245,654,527,536,931,1059,512,998,575,477,465,426,578,299,1428,1206,998,245,520,507,279,522,764,388,5479,421,569,265,399,826,436,258,546,921,771,257,323,489,461,1202,252,321,1969,499,1077,341,263,122,360,253,172,423,624,488,149,689,437,189,66,401,281,438,387,330,744,386,430,1101,179,183,52,99,376,374,175,196,375,124,194,193,604,106,226,321,881,74,507,199,454,584,212,282,282,107,157,456,476,223,177,145,143,257,142,444,398,357,96,101,49,273,362,228,216,403,237,482,267,325,167,1160,189,226,504,275,135,54,39,25,569,354,172,73,150,195,258,41,116,55,393,22,59,123,34,75,90,109,55,77,73,128,67,192,503,241,307,740,495,333,252,212,330,548,185,126,64,308,103,31,68,131,87,234,33,35,107,63,97,152,132,133,157,13,61,16,115,57,39,70,37,90,183,36,20,121,67,88,57,55,118,389,47,5647,155284
2020-04-26T17:00:00+0000,33,252,159,62,54,257,77,64,531,115,230,124,214,82,390,4508,299,125,282,122,181,142,107,136,164,718,1853,314,116,279,104,63,144,159,96,483,17,164,79,94,66,185,41,115,44,16,156,436,18,161,84,98,383,31,216,93,208,933,306,51,24,715,39,980,799,720,470,467,165,176,210,223,786,557,817,576,600,494,636,2252,191,1837,545,949,339,1733,444,423,1142,143,323,630,877,495,1008,1221,449,380,588,317,281,687,411,567,423,662,246,430,155,377,564,530,541,277,339,589,191,1209,82,300,298,346,399,232,592,250,323,433,191,262,213,331,254,180,120,226,296,194,310,449,142,159,253,117,145,186,80,126,341,215,161,151,326,96,128,168,109,174,39,111,55,265,495,92,30,68,178,35,196,317,114,137,97,87,144,203,379,105,1308,1294,1648,742,1593,1270,403,853,739,789,349,419,1134,174,348,888,484,273,437,343,861,250,655,532,540,931,1060,512,1003,590,479,465,426,589,299,1434,1207,1018,245,520,508,279,522,764,390,5512,421,573,265,399,830,436,258,550,921,771,258,323,489,462,1207,260,322,1969,499,1092,341,263,122,362,255,172,424,627,488,149,689,438,189,67,401,281,442,388,340,747,386,430,1101,179,183,52,99,380,376,184,196,376,124,194,193,606,111,227,321,886,74,509,199,459,585,212,282,283,108,157,456,477,223,178,145,151,260,142,444,398,357,96,101,49,273,362,228,216,404,238,482,267,326,167,1174,189,227,505,276,135,54,39,25,570,355,172,73,150,195,258,41,116,55,393,22,60,123,34,75,90,109,55,77,73,128,67,192,512,241,312,740,500,333,253,212,330,548,185,126,64,310,103,31,68,131,88,234,33,36,107,63,97,153,132,136,157,13,61,16,116,57,39,70,37,90,190,36,20,121,67,88,57,55,120,396,47,5668,155945
2020-04-27T17:00:00+0000,33,255,160,63,54,259,78,64,531,116,230,124,215,82,392,4524,299,125,282,123,181,143,107,136,170,726,1853,318,116,280,104,63,144,161,99,484,17,164,79,94,66,187,41,116,45,16,158,436,18,161,86,98,383,31,216,93,209,941,307,51,24,722,39,1003,810,727,478,472,168,177,210,224,794,565,819,579,602,499,639,2254,192,1842,546,951,341,1743,448,425,1151,144,331,631,878,498,1015,1230,451,380,588,317,282,700,412,575,425,670,247,436,159,378,565,537,549,277,339,591,195,1219,86,301,301,356,401,233,595,258,324,439,191,263,213,332,257,180,120,229,298,194,311,452,143,160,253,117,147,186,81,126,341,216,161,151,326,96,128,168,109,175,41,116,56,267,496,92,30,73,179,35,208,318,115,138,97,87,145,204,382,105,1310,1295,1652,744,1596,1273,407,863,742,796,349,420,1136,174,348,888,485,275,439,349,863,257,664,539,540,931,1060,512,1010,596,482,465,430,590,300,1448,1211,1024,245,520,508,280,522,765,392,5593,426,576,265,401,832,442,262,557,932,772,258,323,500,465,1222,261,325,1990,499,1113,343,263,122,365,257,176,425,634,495,150,692,445,189,67,405,281,444,391,342,747,390,431,1106,179,184,52,100,380,380,184,197,378,125,197,193,610,112,229,323,889,74,516,200,459,586,212,282,283,108,157,456,477,226,180,147,164,261,143,444,398,359,96,101,49,274,363,229,218,405,238,482,267,328,167,1174,189,229,505,276,137,54,39,25,573,359,172,73,154,199,260,41,117,55,398,22,65,125,34,75,90,109,55,77,73,129,67,192,513,243,312,741,500,333,253,217,330,554,185,126,64,310,103,31,68,132,88,238,33,36,107,63,97,153,133,139,157,13,61,16,116,58,40,70,37,92,196,36,20,121,67,88,58,56,120,403,48,5710,156929
