time_iso8601,source,DE-BW_cases,DE-BW_deaths,DE-BY_cases,DE-BY_deaths,DE-BE_cases,DE-BE_deaths,DE-BB_cases,DE-BB_deaths,DE-HB_cases,DE-HB_deaths,DE-HH_cases,DE-HH_deaths,DE-HE_cases,DE-HE_deaths,DE-MV_cases,DE-MV_deaths,DE-NI_cases,DE-NI_deaths,DE-NW_cases,DE-NW_deaths,DE-RP_cases,DE-RP_deaths,DE-SL_cases,DE-SL_deaths,DE-SN_cases,DE-SN_deaths,DE-SH_cases,DE-SH_deaths,DE-ST_cases,DE-ST_deaths,DE-TH_cases,DE-TH_deaths,sum_cases,sum_deaths
2020-03-10T12:00:00+01:00,RKI PDF,237,0,314,0,48,0,9,0,4,0,29,0,35,0,13,0,49,0,484,0,25,0,7,0,22,0,9,0,7,0,4,0,1296,0
2020-03-11T12:00:00+01:00,RKI PDF,277,0,366,0,90,0,24,0,21,0,48,0,48,0,17,0,75,0,484,0,25,0,14,0,26,0,27,0,15,0,10,0,1567,0
2020-03-12T12:00:00+01:00,RKI PDF,454,0,500,0,137,0,30,0,38,0,88,0,99,0,23,0,129,0,688,0,52,0,14,0,45,0,31,0,27,0,14,0,2369,0
2020-03-13T12:00:00+01:00,RKI PDF,454,0,558,0,174,0,44,0,42,0,99,0,148,0,33,0,230,0,936,0,102,0,40,0,83,0,48,0,42,0,29,0,3062,0
2020-03-14T12:00:00+01:00,RKI PDF,569,0,681,0,216,0,61,0,50,0,158,0,203,0,45,0,253,0,1154,0,121,0,40,0,93,0,60,0,45,0,46,0,3795,0
2020-03-15T12:00:00+01:00,RKI PDF,827,0,886,0,265,0,84,0,53,0,162,0,286,0,50,0,287,0,1407,0,168,0,32,0,130,0,103,0,47,0,51,0,4838,0
2020-03-16T12:00:00+01:00,RKI PDF,1105,0,1067,0,300,0,94,0,56,0,260,0,342,0,51,0,391,0,1541,0,325,0,85,0,140,0,123,0,77,0,55,0,6012,0
2020-03-17T21:00:00+01:00,zeit online,1641,6,1352,5,383,0,114,0,66,0,312,0,381,0,69,0,563,0,3375,12,435,0,101,0,247,0,145,1,93,0,71,0,9348,24
2020-03-18T23:00:00+01:00,zeit online,2184,8,1798,7,519,0,171,1,66,3,414,1,547,1,100,0,740,1,4268,13,603,0,101,0,296,0,196,1,133,0,87,0,12223,36
2020-03-19T23:40:00+01:00,zeit online,2748,11,2282,13,688,0,204,0,119,0,506,1,740,1,133,0,981,0,4971,17,749,0,217,0,389,0,253,0,152,0,108,0,15240,43
2020-03-20T23:36:00+01:00,zeit online,3665,17,3107,20,868,1,265,0,127,0,664,1,962,2,167,0,1262,0,6257,20,890,1,217,0,562,1,321,1,217,0,161,0,19712,64
2020-03-21T23:17:00+01:00,zeit online,3818,23,3695,21,1025,1,315,1,168,0,768,1,1166,2,182,0,1452,4,6740,24,1062,2,217,0,650,1,383,1,253,0,207,0,22101,81
2020-03-22T20:07:00+01:00,zeit online,3818,23,4457,22,1071,1,353,1,168,0,887,1,1267,3,182,0,1586,4,7361,32,1149,2,301,1,731,1,436,1,269,0,237,0,24273,92
2020-03-23T21:47:00+01:00,zeit online,5333,31,5719,27,1219,2,385,1,175,0,989,1,1352,3,201,0,1779,6,8224,40,1285,4,383,1,865,3,467,1,303,1,263,1,28942,122
2020-03-24T21:17:05+01:00,"zeit online (gen2, by Landkreis)",6476,32,6666,32,1425,3,466,1,186,0,1237,1,1682,4,219,0,2110,6,8981,53,1640,6,402,1,1036,1,552,2,365,1,413,1,33856,144
2020-03-25T22:53:05+01:00,"zeit online (gen2, by Landkreis)",7285,42,7921,38,1425,3,516,1,203,0,1450,1,1941,7,227,0,2373,8,9734,66,1814,5,437,3,1128,3,611,2,418,1,466,1,37949,181
2020-03-26T22:48:04+01:00,"zeit online (gen2, by Landkreis)",8580,83,9487,51,1937,8,569,1,213,1,1614,2,2195,7,246,0,2715,10,10737,74,2063,8,466,3,1360,5,705,3,493,2,558,3,43938,261
2020-03-27T22:44:02+01:00,"zeit online (gen2, by Landkreis)",10272,104,11220,72,2152,8,680,3,264,2,1759,2,2470,10,299,0,3303,19,12002,94,2280,12,614,6,1507,9,862,4,554,2,633,4,50871,351
2020-03-28T20:20:04+01:00,"zeit online (gen2, by Landkreis)",11510,115,12737,106,2337,9,766,4,278,2,1935,4,2844,13,348,1,3630,23,13013,107,2499,13,669,6,1719,9,925,4,604,2,703,5,56517,423
2020-03-29T21:10:03+02:00,"zeit online (gen2, by Landkreis)",12485,138,14021,125,2462,11,835,4,290,2,2078,4,3037,13,361,1,3911,27,13997,116,2712,18,714,9,1856,9,1008,6,645,2,752,5,61164,490
2020-03-30T23:48:04+02:00,"zeit online (gen2, by Landkreis)",13477,175,15160,158,2581,13,866,4,298,4,2214,4,3091,17,368,1,4170,32,14566,131,2851,20,800,9,1976,11,1060,7,689,6,783,5,64950,597
2020-04-01T00:34:02+02:00,"zeit online (gen2, by Landkreis)",14818,212,16838,209,2777,15,1000,8,315,5,2290,6,3423,21,417,3,4659,46,15969,150,3141,25,961,11,2163,13,1175,9,779,7,846,6,71571,746
2020-04-02T01:12:03+02:00,"zeit online (gen2, by Landkreis)",16076,258,18501,262,2993,17,1107,11,332,6,2437,8,3758,29,446,3,5016,58,17181,193,3331,29,1073,13,2304,19,1299,11,820,8,927,8,77601,933
2020-04-02T21:09:03+02:00,"zeit online (gen2, by Landkreis)",16653,287,19663,293,3223,20,1116,11,332,6,2557,14,3969,34,446,4,5236,69,17894,202,3439,31,1163,13,2370,19,1368,13,831,9,961,8,81221,1033
2020-04-03T22:05:06+02:00,"zeit online (gen2, by Landkreis)",18718,335,22164,341,3486,22,1313,14,354,6,2739,16,4265,43,506,5,5776,82,19686,232,3685,33,1303,18,2704,22,1484,17,916,11,1067,9,90166,1206
2020-04-04T22:21:03+02:00,"zeit online (gen2, by Landkreis)",19713,378,23894,399,3626,24,1375,24,388,6,2882,16,4498,57,526,5,5999,94,20155,257,3865,37,1386,20,2895,35,1603,20,948,12,1117,14,94870,1398
2020-04-05T23:35:03+02:00,"zeit online (gen2, by Landkreis)",20673,402,25376,431,3687,26,1457,27,395,8,3019,19,4652,66,528,6,6267,97,21091,302,3988,36,1542,21,3039,40,1660,17,975,12,1164,11,99513,1521
2020-04-06T20:17:02+02:00,"zeit online (gen2, by Landkreis)",20879,449,25965,475,3687,28,1472,31,395,9,3088,19,4725,71,529,8,6680,113,21232,336,3952,39,1544,21,3122,41,1677,18,995,12,1180,13,101122,1683
2020-04-07T12:24:04+02:00,"zeit online (gen2, by Landkreis)",21445,467,26533,506,3862,28,1512,33,397,9,3088,19,4816,78,531,8,6520,126,21915,384,4153,43,1611,27,3160,44,1711,23,1002,13,1227,15,103483,1823
2020-04-08T20:35:07+02:00,"zeit online (gen2, by Landkreis)",22585,534,28809,615,4038,37,1697,39,424,11,3370,29,5182,103,558,11,7050,152,23174,422,4387,53,1700,28,3245,56,1823,25,1037,16,1276,20,110355,2151
2020-04-10T12:25:06+02:00,zeit online (gen3),23969,612,30904,735,4357,42,1864,52,453,13,3518,44,5541,120,586,11,7543,178,24898,523,4641,62,1903,38,3528,67,1972,41,1139,18,1399,23,118215,2579
2020-04-14T10:53:07+02:00,zeit online (gen3),26446,746,34231,904,4667,56,2097,61,491,19,3887,56,6191,165,618,12,8338,242,27114,672,5054,75,2145,57,3931,76,2213,51,1224,25,1515,29,130162,3246
2020-04-15T20:12:07+02:00,zeit online (gen3),27080,816,35174,1048,4736,74,2170,72,499,20,3925,61,6346,188,625,14,8558,265,27554,705,5191,87,2191,64,4030,89,2278,55,1258,26,1588,38,133203,3622
2020-04-17T00:06:13+02:00,zeit online (gen3),27721,911,36390,1147,4971,84,2255,76,555,22,4064,80,6682,203,643,13,8937,289,28550,773,5369,92,2275,77,4127,96,2330,62,1291,28,1620,47,137780,4000
2020-04-18T20:19:06+02:00,zeit online (gen3),28828,996,37946,1301,5091,92,2340,85,584,25,4297,90,7015,224,649,15,9289,322,29485,867,5573,109,2307,94,4245,109,2397,65,1357,30,1738,54,143141,4478
2020-04-20T11:19:07+02:00,zeit online (gen3),29575,1043,38301,1373,5225,94,2402,93,603,25,4347,91,7178,238,652,16,9444,330,30028,913,5668,113,2339,100,4302,113,2412,71,1401,32,1804,55,145681,4700
2020-04-21T19:04:10+02:00,zeit online (gen3),29885,1093,39251,1447,5265,97,2470,95,626,25,4401,91,7372,255,655,16,9598,342,30447,939,5729,118,2349,102,4345,119,2423,78,1414,34,1831,61,148061,4912
2020-04-22T10:47:06+02:00,zeit online (gen3),30110,1138,39436,1505,5341,105,2480,106,627,25,4401,91,7396,266,656,16,9650,362,30596,983,5747,126,2381,108,4357,126,2485,84,1425,35,1917,65,149005,5141
2020-04-24T19:05:08+02:00,zeit online (gen3),31418,1226,41053,1676,5476,112,2694,118,720,26,4558,113,7818,306,661,17,9978,393,31606,1091,5921,143,2452,120,4486,143,2575,96,1490,37,2054,69,154960,5686
2020-04-25T14:27:06+02:00,zeit online (gen3),31577,1270,41216,1717,5532,113,2704,129,722,26,4558,139,7847,329,667,17,10020,410,31682,1126,5942,147,2476,121,4505,146,2586,100,1492,37,2070,71,155596,5898
2020-04-27T19:44:09+02:00,zeit online (gen3),32106,1303,41856,1767,5677,127,2787,132,761,26,4658,142,8018,331,675,17,10176,423,32256,1163,6057,158,2518,124,4564,149,2630,108,1522,41,2127,77,158388,6088
2020-04-29T20:04:08+02:00,zeit online (gen3),32564,1387,42501,1901,5738,147,2843,138,798,29,4682,153,8139,354,687,18,10303,446,32657,1227,6145,165,2526,135,4601,158,2654,114,1532,44,2207,86,160577,6502
2020-04-30T22:42:12+02:00,zeit online (gen3),32988,1438,43321,1970,5881,149,2912,148,861,29,4801,155,8380,361,696,19,10467,466,33212,1272,6263,175,2630,136,4677,166,2713,118,1570,46,2320,97,163692,6745
2020-05-03T19:02:09+02:00,zeit online (gen3),33405,1468,43872,2063,6004,154,2994,152,894,31,4834,164,8539,376,701,19,10639,479,33729,1303,6347,182,2656,140,4749,170,2744,126,1587,47,2367,99,166061,6973
2020-05-05T23:24:08+02:00,zeit online (gen3),33582,1526,44221,2130,6086,159,3036,152,919,31,4855,172,8655,394,712,20,10742,494,34146,1367,6393,191,2663,143,4788,178,2825,132,1601,48,2441,107,167665,7244
2020-05-08T10:50:11+02:00,zeit online (gen3),33904,1573,44760,2221,6203,163,3124,159,1000,31,4907,194,8837,408,720,20,10911,511,34692,1410,6453,196,2693,145,4875,186,2893,133,1635,48,2527,113,170134,7511
2020-05-11T21:38:07+02:00,zeit online (gen3),34424,1621,45442,2289,6272,165,3179,164,1061,33,4951,204,9059,425,730,21,11157,526,35503,1457,6558,206,2713,149,4979,192,2978,134,1653,50,2619,124,173278,7760
2020-05-15T14:42:13+02:00,zeit online (gen3),34766,1683,46040,2356,6393,177,3214,166,1134,36,4976,228,9227,439,742,21,11289,555,36052,1505,6639,219,2727,154,5070,200,3014,135,1678,54,2698,139,175659,8067
2020-05-18T22:05:10+02:00,zeit online (gen3),35012,1723,46551,2394,6474,182,3231,168,1242,36,5034,234,9394,454,754,21,11459,567,36690,1534,6718,227,2729,163,5135,201,3020,136,1685,54,2763,144,177891,8238
2020-05-23T20:07:05+02:00,zeit online (gen3),35307,1756,47100,2456,6611,191,3253,170,1301,39,5055,240,9718,471,766,21,11755,588,37289,1572,6796,233,2730,166,5226,204,3077,140,1700,54,2863,154,180547,8455
2020-05-27T19:09:06+02:00,zeit online (gen3),35478,1785,47502,2497,6672,193,3277,172,1325,39,5066,242,9914,478,767,21,11861,604,37721,1592,6822,235,2745,168,5257,208,3084,144,1707,55,2934,159,182132,8592
2020-05-31T15:14:12+02:00,zeit online (gen3),35641,1807,47829,2513,6799,198,3304,172,1406,40,5081,246,10064,487,769,21,12196,614,38035,1618,6896,236,2750,169,5301,213,3108,149,1713,56,3014,165,183906,8704
2020-06-03T11:30:11+02:00,zeit online (gen3),35697,1822,47945,2521,6873,198,3311,172,1450,41,5098,253,10111,488,769,21,12313,618,38223,1620,6915,236,2757,169,5306,214,3116,150,1716,56,3051,169,184651,8748
2020-06-05T10:48:13+02:00,zeit online (gen3),35744,1835,48041,2542,6945,200,3321,174,1502,41,5106,253,10178,490,772,21,12492,624,38432,1633,6933,236,2784,172,5318,214,3116,151,1720,56,3079,171,185483,8813
2020-06-11T21:12:16+02:00,zeit online (gen3),35893,1855,48331,2587,7135,208,3337,174,1574,42,5133,254,10334,497,783,21,12946,631,39093,1655,7017,237,2803,174,5344,221,3126,153,1739,56,3149,178,187737,8943
2020-06-16T14:40:09+02:00,zeit online (gen3),36007,1864,48090,2590,7368,208,3358,175,1597,47,5146,255,10386,500,789,21,13130,635,39465,1658,7040,238,2805,174,5348,221,3131,156,1780,57,3199,179,188639,8978
2020-06-19T10:49:13+02:00,zeit online (gen3),36090,1875,48196,2602,7602,211,3388,175,1631,48,5155,259,10500,504,796,21,13363,640,40176,1674,7077,239,2817,175,5386,222,3142,157,1824,58,3222,183,190365,9043
2020-06-25T08:43:13+02:00,zeit online (gen3),35873,1880,48442,2624,8020,212,3454,175,1660,48,5175,259,10703,511,800,21,13621,645,42068,1679,7135,241,2822,175,5437,224,3147,157,1866,59,3245,184,193468,9094
2020-06-27T04:10:12+02:00,zeit online (gen3),35974,1884,48562,2633,8144,213,3472,175,1664,49,5177,259,10763,512,803,21,13701,650,42557,1685,7157,241,2824,176,5443,224,3156,157,1874,59,3252,186,194523,9124
2020-07-01T14:14:14+02:00,zeit online (gen3),36103,1888,48736,2636,8242,214,3487,175,1672,52,5203,259,10847,514,808,21,13806,654,43245,1694,7223,241,2826,176,5450,224,3169,157,1879,59,3263,186,195959,9150
2020-07-04T19:58:15+02:00,zeit online (gen3),36216,1891,48944,2639,8392,215,3512,176,1680,52,5219,260,10950,518,809,21,13912,655,43899,1702,7267,241,2828,177,5459,225,3186,157,1885,60,3278,186,197436,9175
2020-07-07T20:02:16+02:00,zeit online (gen3),36276,1892,49176,2648,8461,215,3533,176,1685,53,5222,261,11029,519,809,21,13950,657,44227,1708,7143,231,2829,178,5465,226,3200,157,1902,60,3288,186,198195,9188
2020-07-09T16:36:13+02:00,zeit online (gen3),36342,1893,49293,2652,8536,216,3538,177,1689,53,5228,261,11076,521,809,21,13975,660,44431,1715,7159,242,2831,178,5466,227,3208,158,1908,61,3297,187,198786,9222
2020-07-13T18:39:45+02:00,zeit online (gen3),36426,1893,49583,2655,8637,219,3517,172,1695,54,5230,261,11203,521,809,21,14018,661,45084,1721,7228,242,2840,178,5474,227,3213,159,1923,62,3305,187,200185,9233
2020-07-17T19:50:09+02:00,zeit online (gen3),36682,1895,49930,2657,8724,221,3529,177,1706,54,5236,261,11357,521,810,21,14117,663,45760,1725,7331,244,2848,178,5485,227,3242,159,1941,62,3322,188,202020,9253
2020-07-21T21:45:18+02:00,zeit online (gen3),36927,1896,50210,2660,8836,222,3544,177,1730,54,5243,261,11481,522,813,21,14307,667,46435,1731,7403,244,2861,178,5503,227,3279,159,1970,62,3335,188,203877,9269
2020-07-23T11:43:09+02:00,zeit online (gen3),37001,1896,50295,2661,8859,222,3558,177,1733,54,5251,261,11522,523,818,21,14347,667,46648,1733,7423,244,2863,178,5504,227,3294,159,1980,62,3337,188,204433,9273
2020-07-27T23:21:15+02:00,zeit online (gen3),37349,1898,50854,2662,9019,223,3575,177,1757,54,5325,261,11771,525,848,21,14491,668,47755,1741,7494,244,2878,178,5520,227,3357,160,1998,64,3362,189,207353,9292
2020-07-29T18:59:17+02:00,zeit online (gen3),37447,1901,51008,2664,9070,223,3586,177,1765,54,5355,261,11841,535,852,21,14530,668,48039,1743,7546,245,2883,178,5533,227,3381,160,2016,65,3365,189,208217,9311
2020-07-31T19:45:12+02:00,zeit online (gen3),37596,1902,51202,2664,9191,223,3608,177,1781,55,5401,261,12003,527,866,21,14616,671,48755,1748,7542,245,2892,178,5537,227,3432,160,2023,64,3374,189,209819,9312
2020-08-04T21:19:22+02:00,zeit online (gen3),37853,1902,51511,2664,9366,223,3621,177,1793,55,5443,261,12203,527,881,21,14814,672,49755,1754,7617,245,2906,178,5551,227,3505,160,2039,64,3391,189,212249,9319
2020-08-09T16:05:12+02:00,zeit online (gen3),38162,1907,52078,2671,9687,224,3672,178,1809,55,5663,262,12656,520,937,21,15160,672,51488,1769,7814,245,2953,178,5641,227,3602,161,2065,64,3432,190,216819,9344
2020-08-11T18:37:14+02:00,zeit online (gen3),38312,1908,52326,2672,9739,224,3681,178,1824,55,5747,262,12858,532,945,21,15270,672,52304,1773,7909,245,2969,178,5665,227,3642,161,2082,64,3448,190,218721,9362
2020-08-13T21:00:20+02:00,zeit online (gen3),38670,1909,52761,2675,10106,224,3716,178,1837,55,5820,262,13173,533,960,21,15471,673,53484,1780,8062,246,2999,178,5708,227,3754,161,2110,64,3485,190,222116,9376
2020-08-17T10:47:26+02:00,zeit online (gen3),38910,1909,53142,2675,10252,224,3756,178,1850,55,5886,264,13499,533,973,21,15640,674,54671,1784,8211,248,3027,178,5736,227,3797,161,2130,64,3506,191,224986,9386
2020-08-20T19:15:17+02:00,zeit online (gen3),39645,1911,54371,2675,10462,226,3791,178,1886,55,5988,264,14072,535,983,21,16025,676,55886,1800,8471,248,3056,178,5772,228,3859,163,2161,65,3531,191,229959,9414
2020-08-24T11:45:39+02:00,zeit online (gen3),40492,1912,55026,2677,10727,226,3828,178,1901,55,6053,265,14696,535,992,21,16289,678,56967,1804,8705,249,3102,178,5816,228,3913,163,2185,65,3554,191,234246,9425
2020-08-28T10:54:24+02:00,zeit online (gen3),41650,1917,56617,2679,11010,226,3888,178,1965,55,6166,266,15258,537,1006,21,16709,678,58112,1814,8923,249,3136,178,5904,228,4006,164,2226,65,3605,191,240181,9446
2020-08-31T13:02:30+02:00,zeit online (gen3),42258,1918,57231,2681,11188,226,3908,178,2000,55,6249,266,15473,538,1013,21,16902,679,58733,1815,9103,249,3175,178,5953,228,4036,164,2243,65,3638,191,243103,9452
2020-09-01T17:26:25+02:00,zeit online (gen3),42568,1918,62869,2684,11265,226,3912,178,2010,55,0,0,15653,538,1013,21,17019,679,59107,1820,9173,249,3175,178,5994,228,4045,164,2250,65,3648,191,243701,9194
2020-09-04T16:44:17+02:00,zeit online (gen3),43467,1921,58740,2686,11528,226,3936,178,2056,57,6450,267,15923,542,1023,21,17317,682,59913,1830,9328,250,3195,178,6120,228,4118,164,2280,66,3671,192,249065,9488
2020-09-10T11:52:12+02:00,zeit online (gen3),44740,1923,60761,2688,11950,226,4002,178,2102,57,6698,267,16488,543,1048,21,17807,682,61158,1838,9637,253,3237,178,6252,228,4204,164,2321,66,3728,193,256133,9505
2020-09-11T09:03:45+02:00,zeit online (gen3),45029,1923,61282,2689,12089,226,4009,178,2117,57,6698,267,16601,544,1050,21,17869,682,61445,1838,9686,253,3244,178,6296,228,4219,164,2328,66,3750,193,257712,9507
2020-09-12T14:16:25+02:00,zeit online (gen3),45299,1923,61864,2689,12215,226,4031,178,2125,57,6813,267,16766,545,1056,21,18032,683,61807,1840,9768,254,3254,178,6354,228,4226,164,2348,66,3762,193,259720,9512
2020-09-14T08:24:55+02:00,zeit online (gen3),45545,1923,62006,2690,12268,226,4035,178,2138,57,6824,268,16874,546,1056,21,18123,684,62266,1841,9821,254,3269,178,6387,229,4244,164,2356,66,3787,193,260999,9518
2020-09-17T13:00:59+02:00,zeit online (gen3),46479,1924,63439,2691,12592,227,4078,178,2180,58,7009,268,17204,549,1149,21,18625,684,63482,1851,9992,255,3293,179,6544,229,4335,164,2399,66,3864,194,266664,9538
2020-09-22T08:20:17+02:00,zeit online (gen3),47779,1927,65394,2695,13256,227,4142,178,2227,58,7229,269,17751,552,1126,21,19236,688,65731,1861,10268,255,3324,179,6758,229,4466,164,2470,67,3960,194,275117,9564
2020-09-23T04:04:30+02:00,zeit online (gen3),47967,1928,65787,2696,13373,228,4153,178,2254,58,7290,269,17859,552,1136,21,19331,688,66090,1864,10312,256,3334,179,6822,230,4514,164,2484,67,3987,194,276693,9572
2020-09-25T13:00:38+02:00,zeit online (gen3),48570,1928,66560,2698,13810,228,4197,178,2285,58,7430,269,18184,553,1148,21,19655,696,67125,1872,10448,259,3345,179,6968,234,4607,164,2534,67,4028,194,280894,9598
2020-09-28T09:06:25+02:00,zeit online (gen3),49229,1932,67371,2702,14195,228,4262,178,2370,58,7689,269,18667,557,1155,21,20062,697,68617,1878,10638,260,3370,179,7100,236,4695,164,2604,67,4058,194,286082,9620
2020-09-29T08:36:11+02:00,zeit online (gen3),49618,1932,67657,2703,14326,228,4272,178,2389,58,7749,269,18798,558,1170,21,20278,697,69234,1879,10714,262,3373,179,7174,237,4741,164,2634,68,4070,194,288197,9627
2020-09-30T14:44:14+02:00,zeit online (gen3),49822,1934,68297,2706,14499,228,4306,178,2437,58,7895,269,18984,558,1188,21,20451,699,69966,1881,10785,263,3391,180,7225,237,4789,165,2652,68,4079,194,290766,9639
2020-10-01T05:50:31+02:00,zeit online (gen3),50122,1935,68641,2706,14787,228,4336,178,2476,58,7895,271,19160,558,1200,21,20599,700,70635,1890,10877,264,3410,180,7319,239,4831,165,2695,68,4120,195,293103,9656
2020-10-02T13:38:14+02:00,zeit online (gen3),50454,1936,68816,2706,15031,229,4384,178,2516,58,8063,271,19327,558,1209,21,20910,702,71066,1890,11030,264,3430,180,7368,239,4868,165,2716,68,4138,195,295326,9660
2020-10-05T04:02:29+02:00,zeit online (gen3),51197,1939,69659,2711,15647,231,4470,178,2602,58,8240,272,19916,559,1248,21,21304,707,72842,1894,11201,265,3483,180,7520,241,4944,165,2760,68,4218,196,301251,9685
2020-10-06T04:02:15+02:00,zeit online (gen3),51625,1942,69953,2713,15948,231,4499,178,2637,58,8338,273,20143,560,1297,21,21583,707,73788,1894,11322,265,3498,180,7561,241,4992,165,2797,68,4236,196,304217,9692
2020-10-08T04:32:54+02:00,zeit online (gen3),52601,1951,70857,2723,16614,232,4604,179,2808,59,8543,274,20675,560,1333,21,22070,708,75332,1903,11560,267,3575,180,7805,245,5093,165,2857,68,4287,196,310614,9731
2020-10-09T13:02:36+02:00,zeit online (gen3),53183,1951,71515,2729,17112,233,4662,179,2885,59,8813,276,20993,560,1346,21,22566,709,76934,1908,11713,267,3604,180,7995,246,5159,165,2881,68,4321,196,315682,9747
2020-10-11T15:58:26+02:00,zeit online (gen3),54261,1953,73046,2730,17828,234,4857,179,3081,59,8963,277,21980,563,1374,21,23187,712,79301,1921,12155,267,3735,180,8359,250,5239,165,2948,68,4450,196,324764,9775
2020-10-12T04:34:30+02:00,zeit online (gen3),54660,1953,73075,2730,18075,234,4866,179,3082,60,8963,277,22076,564,1374,21,23284,712,79545,1922,12158,267,3782,180,8396,250,5263,165,2951,68,4450,196,326000,9778
2020-10-13T04:36:43+02:00,zeit online (gen3),55320,1955,73790,2732,18327,234,4929,179,3117,60,9040,277,22302,569,1422,21,23640,719,80965,1924,12361,268,3815,180,8687,251,5328,165,2993,68,4485,197,330521,9799
2020-10-14T04:32:28+02:00,zeit online (gen3),55987,1959,74394,2736,19033,236,5019,181,3169,61,9152,277,22539,570,1470,21,23996,720,82023,1929,12541,271,3933,180,8903,253,5394,166,3022,69,4541,198,335116,9827
2020-10-15T09:36:10+02:00,zeit online (gen3),56848,1965,75203,2741,19536,237,5164,182,3277,61,9287,278,23148,575,1538,21,24430,721,84318,1936,12770,271,4038,180,9178,255,5466,166,3069,71,4599,199,341869,9859
2020-10-16T15:56:25+02:00,zeit online (gen3),57824,1964,77029,2722,20087,239,5284,181,3380,61,9615,278,24279,578,1595,20,25148,722,86472,1942,13021,270,4182,179,9419,256,5545,164,3152,71,4722,197,350754,9844
2020-10-17T14:04:49+02:00,zeit online (gen3),59002,1969,77925,2723,20763,239,5537,181,3480,61,9746,278,24608,578,1647,20,25781,724,88428,1950,13451,271,4305,179,9825,261,5636,164,3198,71,4766,198,358098,9867
2020-10-19T04:32:28+02:00,zeit online (gen3),60275,1975,79374,2735,21428,241,5652,183,3594,62,9908,280,25678,581,1712,21,26325,726,90201,1951,13747,271,4451,179,10168,261,5721,164,3279,71,4913,200,366426,9901
2020-10-20T09:01:23+02:00,zeit online (gen3),61218,1978,80478,2742,21904,241,5725,183,3635,62,10001,280,26201,585,1726,22,26753,732,92963,1957,14081,274,4499,179,10611,262,5889,163,3406,71,4983,200,374073,9931
2020-10-21T10:18:46+02:00,zeit online (gen3),62145,1989,81633,2746,22726,243,5842,185,3729,62,10205,281,26929,595,1808,21,27380,738,94996,1975,14365,274,4646,180,10899,262,5994,164,3492,71,5062,203,381851,9989
2020-10-22T04:36:33+02:00,zeit online (gen3),63530,1991,83228,2746,23697,243,6025,186,3866,62,10406,281,27947,600,1887,21,27963,739,96060,1987,14880,275,4865,180,11405,269,6186,164,3641,72,5200,202,390786,10018
2020-10-23T09:46:20+02:00,zeit online (gen3),65450,2001,85431,2750,24480,245,6232,188,4025,62,10682,282,29166,605,1946,21,29134,741,100826,1995,15365,276,5063,180,12056,274,6377,166,3770,73,5348,202,405351,10061
2020-10-24T04:35:03+02:00,zeit online (gen3),67366,2006,87592,2755,25373,248,6459,188,4158,63,11042,283,30241,611,2066,21,29795,747,103029,2010,15964,276,5289,181,12604,275,6558,166,3891,74,5521,202,416948,10106
2020-10-25T13:00:37+01:00,zeit online (gen3),68775,2008,89215,2760,25789,249,6798,190,4349,63,11513,283,31579,616,2144,21,30759,747,108066,2019,16622,276,5437,181,13007,276,6697,167,3938,74,5612,203,430300,10133
2020-10-26T08:42:11+01:00,zeit online (gen3),69947,2009,90773,2763,26093,250,6838,193,4409,63,11513,283,32935,619,2176,21,31047,750,111063,2028,16713,276,5568,182,13668,280,6797,167,3983,74,5865,203,439388,10161
2020-10-27T10:00:22+01:00,zeit online (gen3),71461,2017,92807,2769,27023,251,6986,194,4493,65,11852,283,33823,623,2212,22,31732,752,114656,2038,17249,277,5732,183,14136,285,6957,167,4292,75,5943,204,451354,10205
2020-10-28T09:02:53+01:00,zeit online (gen3),73406,2026,95227,2780,28063,251,7150,198,4688,65,12152,283,35138,631,2331,22,32558,756,117871,2065,17960,282,5995,185,14652,293,7186,167,4442,76,6113,204,464932,10284
2020-10-29T09:16:16+01:00,zeit online (gen3),75799,2038,97981,2791,29224,253,7449,198,4894,69,12556,283,36583,643,2487,22,33753,761,122396,2102,18640,284,6276,187,15536,301,7508,170,4715,77,6397,204,482194,10383
2020-10-30T09:30:37+01:00,zeit online (gen3),78447,2050,102667,2805,30355,253,7793,203,5104,70,12946,283,39296,649,2619,23,35253,767,127925,2113,19276,286,6594,190,16716,307,7738,175,4924,78,6729,204,504382,10456
2020-10-31T15:12:24+01:00,zeit online (gen3),81169,2064,105726,2814,31439,255,8471,205,5345,71,13752,283,41111,654,2792,23,37307,776,132940,2129,20614,290,6877,193,17557,323,8050,177,5116,79,6999,207,525265,10543
2020-11-02T08:50:31+01:00,zeit online (gen3),84219,2071,108381,2824,32592,261,8779,210,5527,71,14035,285,42733,669,2928,23,38744,792,140149,2158,21168,292,7261,196,18857,328,8463,179,5384,81,7231,209,546451,10649
2020-11-04T00:24:54+01:00,zeit online (gen3),88176,2104,114350,2844,34818,265,9255,218,6104,77,14742,291,45550,696,3132,24,40905,806,146353,2226,22572,307,7700,201,20725,357,8849,191,5754,87,7619,214,576604,10908
2020-11-04T12:34:25+01:00,zeit online (gen3),88176,2104,114350,2844,34818,265,9501,218,6104,77,14742,291,45550,696,3132,24,40905,806,149200,2226,22572,307,7700,201,20725,357,8849,191,5754,87,7734,214,579812,10908
2020-11-05T11:22:34+01:00,zeit online (gen3),91556,2118,118090,2862,35966,272,9934,221,6363,79,15130,294,47034,714,3309,24,42698,823,154057,2274,23505,314,7968,204,21919,374,9103,193,6062,88,8061,217,600755,11071
2020-11-06T15:34:33+01:00,zeit online (gen3),94286,2141,124375,2878,37353,287,10454,224,6615,80,16262,296,49786,729,3443,26,44272,832,159943,2310,25300,317,8306,205,23221,388,9358,195,6351,88,8356,221,627681,11217
2020-11-07T16:38:46+01:00,zeit online (gen3),97258,2158,128755,2928,39379,294,10887,230,6905,85,16854,298,51849,750,3579,29,45799,845,165263,2359,25747,322,8571,207,24907,410,9628,204,6650,89,8662,224,650693,11432
2020-11-08T16:22:36+01:00,zeit online (gen3),99549,2160,131501,2930,39620,295,11238,232,7088,85,17139,298,53586,754,3689,29,46999,849,168852,2369,26374,325,8854,207,26107,415,9843,204,6714,90,8907,225,666060,11467
2020-11-09T18:02:51+01:00,zeit online (gen3),101346,2165,134560,2949,39620,301,11449,236,7161,87,17437,304,54592,768,3741,31,47618,854,172371,2388,27247,328,8992,209,27480,422,10016,205,6904,93,9038,226,679572,11566
2020-11-10T12:54:15+01:00,zeit online (gen3),103104,2177,135808,2957,40460,301,11681,237,7266,87,17859,304,55102,783,3788,31,48721,867,176653,2428,27317,334,9140,211,27811,426,10265,211,7107,97,9240,230,691322,11681
2020-11-11T11:20:12+01:00,zeit online (gen3),105108,2204,138817,3006,42014,314,12080,237,7385,88,17859,304,56631,808,3913,34,50111,877,180775,2460,28140,345,9376,213,28867,431,10486,213,7318,98,9337,234,708217,11866
2020-11-12T16:28:16+01:00,zeit online (gen3),108676,2226,145417,3073,45106,333,12482,239,7602,88,18915,305,59704,825,4029,34,51653,911,185768,2537,30234,351,9642,216,31295,469,10773,216,7601,103,9814,240,738711,12166
2020-11-13T17:34:19+01:00,zeit online (gen3),111671,2267,150165,3085,46434,348,12910,241,7848,92,19450,308,61449,840,4165,36,53260,914,191419,2592,31364,362,9885,226,32705,483,10994,216,8041,104,10194,246,761954,12360
2020-11-15T14:36:22+01:00,zeit online (gen3),116238,2305,157295,3144,47265,358,13747,252,8210,93,20221,311,64805,870,4397,38,55826,930,201190,2648,32577,371,10340,239,33645,515,11403,221,8277,106,10883,259,796319,12660
2020-11-16T18:20:14+01:00,zeit online (gen3),117900,2326,159489,3169,49034,371,13929,259,8303,97,20406,311,65885,884,4436,38,56525,941,204085,2661,33460,383,10491,239,35316,534,11528,230,8413,107,11066,263,810266,12813
2020-11-18T02:34:46+01:00,zeit online (gen3),121545,2393,163119,3253,50606,393,14370,270,8457,101,20830,314,67682,937,4624,42,57957,979,209948,2760,34215,396,10741,243,37126,584,11935,231,8817,111,11446,276,833418,13283
2020-11-19T17:38:13+01:00,zeit online (gen3),124991,2435,169666,3296,53314,422,15145,280,8753,102,21735,315,71220,965,4796,47,59975,994,217395,2847,36092,403,10879,248,39665,598,12176,233,9319,115,12194,284,867315,13584
2020-11-20T18:52:11+01:00,zeit online (gen3),128257,2467,174217,3347,55017,441,15683,288,8877,103,22097,318,73050,987,4938,49,61716,1014,223431,2889,37117,413,11220,255,41320,623,12417,235,9414,118,12507,290,891278,13837
2020-11-22T14:48:11+01:00,zeit online (gen3),132960,2512,181746,3447,56068,447,16667,304,9208,104,22702,334,76399,1047,5163,53,63938,1041,231963,2977,38345,427,11532,259,42322,677,12808,237,9950,125,13629,302,925400,14293
2020-11-23T08:00:12+01:00,zeit online (gen3),134391,2518,182392,3451,56504,449,16717,307,9300,106,22702,336,76848,1051,5194,53,64350,1046,234395,2993,38433,431,11680,259,43402,693,12915,237,10218,128,13798,307,933239,14365
2020-11-24T18:10:12+01:00,zeit online (gen3),135998,2588,186872,3530,58924,492,17309,326,9318,112,23331,338,78591,1090,5249,55,65636,1077,237828,3084,39969,461,11776,269,45074,731,13093,241,10535,139,14290,322,953793,14855
2020-11-25T08:14:08+01:00,zeit online (gen3),137925,2611,188070,3555,58924,492,17453,328,9456,112,23331,339,79131,1104,5390,55,66216,1089,241762,3121,40079,467,11952,271,46514,737,13322,243,10782,141,14550,327,964857,14992
2020-11-26T08:30:13+01:00,zeit online (gen3),140649,2656,192021,3629,60554,508,17955,340,9651,113,23694,347,80678,1147,5514,57,67574,1122,246365,3255,40943,482,12172,272,48091,776,13587,244,11069,148,15025,334,985542,15430
2020-11-27T18:52:11+01:00,zeit online (gen3),143843,2704,199018,3699,63064,527,18945,344,9876,114,24306,347,83637,1191,5697,58,69604,1152,251517,3290,42645,500,12584,276,52339,846,13827,248,11785,163,15956,343,1018643,15802
2020-11-28T14:18:10+01:00,zeit online (gen3),146579,2757,203025,3746,63064,539,19558,352,9876,117,24606,358,85248,1232,5823,61,70595,1175,255743,3426,43032,520,12584,277,52525,916,14011,250,11934,164,16509,350,1034712,16240
2020-11-29T21:08:09+01:00,zeit online (gen3),149608,2785,205891,3810,64220,553,19984,366,10078,118,24710,368,86629,1263,5911,61,71498,1185,259100,3475,43626,521,12941,278,53627,920,14247,255,12105,167,16861,353,1051036,16478
2020-11-30T09:16:10+01:00,zeit online (gen3),149947,2795,206367,3813,64220,553,20027,371,10078,120,24710,372,87045,1266,5954,61,71704,1187,261357,3494,43754,523,12955,278,54841,938,14266,255,12468,173,17143,355,1056836,16554
2020-12-01T09:22:11+01:00,zeit online (gen3),151515,2851,209209,3865,65145,565,20331,377,10104,123,24860,372,87798,1290,5999,64,72386,1205,264359,3541,44488,558,13004,287,57148,994,14413,257,12753,183,17553,366,1071065,16898
2020-12-02T09:04:13+01:00,zeit online (gen3),153503,2900,212425,3963,66306,594,20817,396,10257,124,25149,373,89011,1339,6129,65,73213,1232,267627,3620,45208,582,13228,289,58982,1063,14607,258,13091,190,17954,378,1087507,17366
2020-12-03T10:40:12+01:00,zeit online (gen3),156554,2964,216027,4037,67264,618,21470,431,10429,128,25475,385,90464,1380,6270,70,74833,1250,272601,3755,46168,600,13422,290,61149,1109,14867,259,13528,199,18560,409,1109081,17884
2020-12-04T12:26:12+01:00,zeit online (gen3),159891,3001,220610,4160,68508,641,22581,453,10504,131,26277,386,92197,1424,6448,73,76175,1267,277286,3830,47300,620,13654,294,63443,1169,15142,263,14086,204,19555,417,1133657,18333
2020-12-05T14:20:11+01:00,zeit online (gen3),162839,3055,227337,4305,69768,657,23333,458,10645,132,26624,404,94824,1474,6611,75,77247,1294,282094,3921,48877,672,13933,298,65964,1229,15414,264,14643,216,20234,428,1160387,18882
2020-12-06T11:32:13+01:00,zeit online (gen3),165378,3076,227865,4312,71088,679,23444,459,10775,135,26624,407,95273,1481,6706,76,78145,1297,285700,3953,49000,672,14174,301,67256,1266,15621,264,14874,216,20650,431,1172573,19025
2020-12-07T11:00:12+01:00,zeit online (gen3),167116,3092,230701,4340,71443,683,24078,460,10836,136,26855,419,96694,1503,6783,77,78634,1305,288117,3990,49669,682,14323,303,69270,1307,15780,267,15227,220,21382,439,1186908,19223
2020-12-09T11:04:15+01:00,zeit online (gen3),171502,3231,237383,4543,73431,732,24846,486,10980,142,27367,425,99053,1603,7066,87,80380,1383,295267,4187,51266,750,14645,309,73548,1394,16360,274,16286,243,22229,480,1221609,20269
2020-12-10T10:54:09+01:00,zeit online (gen3),175467,3291,241329,4646,74554,749,25566,506,11188,146,27700,435,100835,1659,7363,89,81817,1387,300630,4278,52314,772,15091,318,76138,1478,16646,279,16876,253,23014,496,1246528,20782
2020-12-11T19:16:13+01:00,zeit online (gen3),182957,3357,249620,4796,77212,768,27311,546,11498,149,28624,443,103716,1701,7601,94,83401,1426,306144,4383,54979,848,15744,326,81655,1597,17149,286,17958,263,24037,503,1289606,21486
2020-12-12T16:52:09+01:00,zeit online (gen3),183959,3426,254424,4892,78250,813,28387,561,11663,154,29139,458,106460,1779,7876,96,84759,1452,312829,4453,55564,862,15758,332,83500,1629,17532,293,18312,283,25070,527,1313482,22010
2020-12-13T16:22:11+01:00,zeit online (gen3),186707,3467,257651,4916,78798,821,29126,569,11663,153,29412,462,108005,1820,8072,96,85989,1457,316232,4494,56418,871,16046,336,84922,1692,17962,295,18666,290,25832,535,1331501,22274
2020-12-14T09:48:11+01:00,zeit online (gen3),188804,3489,258427,4930,78798,821,29211,571,11728,157,29412,478,108574,1834,8238,98,86241,1461,319190,4532,56519,873,16171,336,86330,1726,18121,297,19074,294,26308,558,1341146,22455
2020-12-15T18:02:13+01:00,zeit online (gen3),193391,3656,264209,5093,80935,899,30289,615,11870,160,29994,478,110132,1901,8323,100,87466,1503,322808,4656,58280,944,16591,357,92376,2185,18354,307,19800,324,26930,583,1371748,23761
2020-12-16T15:10:13+01:00,zeit online (gen3),195288,3709,268724,5282,80935,899,31190,635,11870,159,30563,481,110900,1939,8642,103,88703,1549,327398,4819,58407,951,16595,357,95512,1897,18842,308,20284,332,27490,593,1391343,24013
2020-12-17T10:46:11+01:00,zeit online (gen3),198644,3779,270529,5343,82218,928,31535,662,12082,162,30563,491,113096,1990,8958,111,90596,1589,333472,4959,59769,987,16935,369,95760,1984,19253,316,20698,342,29077,617,1413185,24629
2020-12-18T15:10:12+01:00,zeit online (gen3),203183,3876,279393,5599,83691,958,33741,714,12254,164,31595,500,116293,2048,9234,111,92330,1617,339737,5022,60913,1017,17343,373,102155,2077,19816,329,21671,375,30372,638,1453721,25418
2020-12-19T12:46:11+01:00,zeit online (gen3),207450,3974,281201,5637,85236,984,35056,741,12370,166,32120,514,117922,2121,9482,114,93807,1657,345909,5219,62654,1070,17678,387,102485,2201,20283,333,22632,399,31417,676,1477702,26193
2020-12-20T17:22:11+01:00,zeit online (gen3),210332,4025,288100,5761,87077,1007,35866,757,12456,167,32429,528,121358,2191,9671,117,95228,1675,350636,5264,63654,1077,18139,388,105104,2227,20692,336,23192,409,32317,702,1506251,26631
2020-12-21T19:22:12+01:00,zeit online (gen3),214889,4061,290714,5797,88030,1024,36629,775,12651,170,32730,545,122331,2214,9805,119,95929,1690,354091,5305,64652,1108,18280,395,109229,2331,20848,336,24362,422,32840,704,1528010,26996
2020-12-22T08:54:12+01:00,zeit online (gen3),215441,4156,292101,5843,88030,1024,36789,791,12651,171,32730,547,122900,2264,9910,122,96435,1714,358067,5468,64878,1112,18298,395,109307,2361,21082,342,24758,438,33738,743,1537115,27491
2020-12-23T16:06:47+01:00,zeit online (gen3),219791,4325,297741,5623,89534,1066,38937,858,12773,174,33874,549,125397,2333,10214,127,98666,1771,363217,5648,65669,1159,18530,411,115959,2585,21894,357,25548,479,34973,771,1572717,28236
2020-12-24T07:58:44+01:00,zeit online (gen3),222687,4382,299519,6150,91127,1105,39167,871,13022,176,33874,561,126594,2421,10540,134,99469,1801,369842,5834,67010,1215,18904,421,116055,2613,22568,360,26531,501,35533,790,1592442,29335
2020-12-25T14:36:13+01:00,zeit online (gen3),226595,4430,306726,6258,92357,1118,41073,908,13024,176,34818,571,128552,2491,10688,135,102200,1825,373889,5901,68232,1240,19318,431,121162,2731,22865,360,27199,523,36890,820,1625588,29918
2020-12-26T23:18:11+01:00,zeit online (gen3),229522,4489,309903,6291,92992,1128,41870,924,13172,180,35115,584,131070,2552,10946,142,103396,1839,377206,5969,69020,1274,19455,436,122530,2752,23332,370,28368,537,38726,857,1646623,30324
2020-12-27T18:58:10+01:00,zeit online (gen3),230412,4519,311745,6334,93807,1149,42133,933,13212,180,35336,584,131807,2552,10946,142,103610,1850,378858,6017,69372,1285,19512,436,124256,2770,23332,370,28368,537,39081,860,1655787,30518
2021-01-03T16:50:25+01:00,zeit online (gen3),245381,4988,333884,7039,98765,1305,47739,1192,13718,201,37571,658,140387,3040,12471,177,111157,2097,401470,6834,74541,1484,20656,475,139761,3415,25549,449,32707,711,44524,1064,1780281,35129
2021-01-04T20:35:00+01:00,zeit online (gen3),247128,5031,336045,7099,99536,1327,48041,1211,13807,208,37883,661,140821,3109,12586,189,111593,2108,403486,6907,75045,1538,20810,487,141194,3436,25990,465,33139,734,44885,1103,1791989,35613
2021-01-07T19:24:12+01:00,zeit online (gen3),255845,5366,345700,7625,103646,1487,51504,1362,14172,210,39592,725,145418,3359,14039,233,116224,2296,416015,7593,78170,1702,21739,526,149680,3824,27089,520,36276,825,47807,1293,1862916,38946
2021-01-08T18:04:16+01:00,zeit online (gen3),258132,5494,349487,7769,105125,1547,53119,1413,14252,219,40129,763,147446,3455,14043,233,118049,2342,421930,7766,79314,1756,22007,553,152546,4009,27559,528,37237,857,49325,1344,1889700,40048
2021-01-16T21:18:11+01:00,zeit online (gen3),274834,6178,374389,8741,112232,1822,60602,1811,14908,231,42733,895,158009,4077,16632,298,128406,2700,449616,9086,84778,2074,23433,637,166527,5119,30941,658,43885,1168,57068,1653,2038993,47148
2021-01-18T20:52:11+01:00,zeit online (gen3),277071,6298,378332,8938,113060,1860,61635,1854,14957,237,43084,906,159756,4147,16944,310,130393,2757,453744,9220,85679,2126,23538,652,167853,5210,31397,681,44621,1220,58197,1699,2060261,48115
2021-01-19T21:10:13+01:00,zeit online (gen3),278493,6407,380227,9117,113884,1918,62288,1931,15026,239,43335,917,160306,4255,17262,328,131091,2830,455580,9429,86239,2168,23737,657,169014,5345,31838,697,45534,1282,58637,1745,2072491,49265
2021-01-21T21:22:14+01:00,zeit online (gen3),282802,6600,385465,9420,115517,1996,64152,2033,15234,248,43926,950,163360,4409,17827,345,133728,2944,462952,9734,88026,2239,24150,679,172047,5560,32834,729,47310,1394,60502,1876,2109832,51156
2021-01-27T21:04:13+01:00,zeit online (gen3),290138,6951,396150,10091,118447,2164,67350,2281,15623,260,45543,1003,168518,4744,19210,413,139214,3216,477172,10402,91265,2441,25036,722,177410,6070,35055,831,50717,1643,63782,2142,2180630,55374
2021-01-29T20:18:13+01:00,zeit online (gen3),293182,7099,400564,10350,119506,2235,68526,2362,15859,267,46023,1037,170768,4868,19681,443,141545,3313,482839,10683,92554,2524,25491,746,179390,6309,35731,865,51860,1744,65046,2201,2208565,57046
2021-01-31T20:50:13+01:00,zeit online (gen3),294699,7144,403692,10461,119937,2276,69394,2423,15995,269,46407,1071,172309,4922,19935,451,143138,3356,486959,10850,93186,2552,25831,752,180461,6354,36228,891,52614,1775,65842,2264,2226627,57811
2021-02-15T20:40:13+01:00,zeit online (gen3),307879,7866,422758,11815,124986,2620,73690,2835,17003,315,49178,1196,181338,5563,22395,645,154967,3966,511501,12161,98230,2933,27723,835,188112,7253,39847,1161,57111,2180,71405,2645,2348123,65989
2021-02-18T20:21:11+01:00,zeit online (gen3),310339,7967,426172,12074,126201,2702,74525,2909,17249,321,49761,1206,183142,5707,23020,680,157575,4116,516598,12470,99291,2994,28001,847,189812,7402,40550,1202,58110,2299,72741,2746,2373087,67642
2021-02-21T20:42:11+01:00,zeit online (gen3),312237,8019,429481,12204,126898,2728,75273,2946,17489,328,50305,1223,184849,5782,23435,692,159839,4198,521463,12649,100233,3025,28255,862,191088,7517,41142,1216,59019,2343,74024,2800,2395030,68532
2021-03-01T20:33:12+01:00,zeit online (gen3),318900,8187,439055,12491,129599,2825,76981,3036,18071,347,52049,1272,189305,5968,24614,746,166052,4440,534226,13106,102513,3141,29048,886,195170,7882,42659,1309,61222,2467,77036,2939,2456500,71042
2021-03-11T20:20:14+01:00,zeit online (gen3),330081,8457,453854,12839,133391,2928,79490,3162,18752,378,54264,1314,196176,6128,26365,800,174103,4657,552290,13593,105773,3212,29919,922,201485,8174,44806,1382,64409,2608,81618,3093,2546776,73647
2021-03-14T20:30:19+01:00,zeit online (gen3),333463,8492,459065,12899,134751,2934,80454,3183,19001,378,55007,1332,198952,6163,26761,806,177122,4695,559480,13677,106761,3228,30175,925,203564,8198,45339,1388,65509,2627,83349,3119,2578753,74044
2021-03-21T20:35:16+01:00,zeit online (gen3),345269,8605,473736,13052,138437,2992,83185,3268,19711,392,57172,1348,206441,6264,28021,829,184829,4819,578387,13917,110168,3274,30836,930,210339,8301,47084,1416,68275,2684,87776,3234,2669666,75325
2021-03-24T21:00:19+01:00,zeit online (gen3),351145,8666,479795,13150,141001,3023,84232,3291,20067,398,58159,1358,209087,6316,28791,840,187894,4904,586023,14030,111920,3302,31113,934,213782,8371,47861,1428,69686,2721,89448,3277,2710004,76009
2021-03-25T20:35:12+01:00,zeit online (gen3),353721,8683,483427,13174,142007,3026,84967,3300,20233,402,58708,1364,210996,6351,29167,844,189914,4918,590695,14064,112830,3310,31277,936,215125,8386,48201,1431,70320,2729,90518,3291,2732106,76209
2021-03-31T20:25:13+02:00,zeit online (gen3),366417,8784,498841,13321,146261,3055,87848,3338,20979,407,61268,1378,218704,6436,30772,877,197934,4989,610250,14248,116931,3346,32019,941,222789,8462,50006,1440,73522,2768,94951,3363,2829492,77153
2021-04-01T20:05:12+02:00,zeit online (gen3),369310,8807,502840,13345,147466,3071,88712,3343,21138,407,61809,1382,220675,6450,31003,879,199854,5019,615346,14287,117804,3352,32183,941,224374,8491,50372,1442,74339,2779,96172,3375,2853397,77370
2021-04-04T21:50:13+02:00,zeit online (gen3),373640,8826,509849,13388,149037,3086,90180,3352,21470,408,62961,1397,224510,6472,31587,882,203132,5033,625038,14354,119422,3360,32495,942,227411,8521,51047,1445,75713,2796,98126,3425,2895618,77687
2021-04-06T21:20:14+02:00,zeit online (gen3),375958,8874,512974,13437,149832,3090,90487,3359,21562,412,63520,1398,225939,6501,31904,886,204395,5051,628989,14418,120203,3373,32605,944,228418,8539,51494,1451,76189,2813,98573,3436,2913042,77982
2021-04-07T20:05:12+02:00,zeit online (gen3),378588,8909,515769,13475,150377,3098,90726,3384,21697,415,63826,1398,226842,6526,32342,890,205348,5082,631305,14465,120916,3381,32847,947,229836,8563,51893,1452,76794,2830,99043,3460,2928149,78275
2021-04-10T21:25:11+02:00,zeit online (gen3),387978,8988,527267,13558,152962,3123,92815,3400,22251,421,65277,1409,232370,6580,33670,906,210669,5129,644704,14607,123452,3413,33590,948,235342,8645,52997,1464,79057,2881,102372,3520,2996773,78992
2021-04-11T20:55:13+02:00,zeit online (gen3),389558,8994,530123,13575,153455,3123,93228,3400,22370,441,65617,1411,233695,6584,33850,910,211888,5134,648767,14619,124197,3416,33669,948,236349,8648,53154,1464,79582,2885,102995,3534,3012497,79086
2021-04-13T21:25:12+02:00,zeit online (gen3),394319,9057,534985,13655,154671,3128,93759,3435,22594,428,66195,1412,235302,6631,34526,917,213714,5182,654500,14722,125484,3435,33916,954,238646,8712,53806,1473,80472,2926,103840,3573,3040729,79640
2021-04-14T20:25:12+02:00,zeit online (gen3),398248,9081,539452,13703,155998,3134,94380,3447,22886,428,66674,1421,237421,6647,35099,921,215658,5208,659791,14781,126661,3444,34152,954,241099,8741,54182,1475,81391,2939,104815,3600,3067907,79924
2021-04-15T20:00:22+02:00,zeit online (gen3),401832,9105,544468,13746,157020,3143,95229,3463,23077,433,67132,1423,239522,6666,35430,925,217646,5225,666072,14827,127770,3454,34402,956,243077,8787,54526,1477,82157,2956,105955,3633,3095315,80219
2021-04-16T19:30:22+02:00,zeit online (gen3),405267,9130,549130,13779,158308,3147,95821,3472,23257,436,67552,1427,241251,6685,35851,927,219563,5234,671460,14874,128911,3465,34615,956,244828,8817,54820,1478,82766,2966,106956,3664,3120356,80457
2021-04-18T19:50:14+02:00,zeit online (gen3),409332,9151,555590,13817,159257,3151,96812,3482,23522,436,68251,1431,244135,6704,36346,929,222348,5240,680625,14920,130187,3471,34914,957,246907,8828,55287,1479,83811,2969,108348,3686,3155672,80651
2021-04-19T20:10:15+02:00,zeit online (gen3),411402,9182,558026,13835,159720,3153,97092,3486,23597,437,68521,1431,244771,6727,36451,934,223183,5248,683619,14965,130837,3487,34980,958,247434,8852,55523,1485,84580,3007,108554,3689,3168290,80876
2021-04-21T21:10:16+02:00,zeit online (gen3),419649,9238,565115,13927,161645,3169,97905,3505,23982,443,69148,1438,247883,6774,37397,951,226034,5298,692642,15114,132897,3507,35509,959,251699,8920,56309,1493,85770,3040,110156,3727,3213740,81503
2021-04-23T20:05:14+02:00,zeit online (gen3),427397,9289,573942,14016,163666,3180,99281,3515,24356,445,69925,1447,252155,6807,38252,963,229813,5328,705820,15215,135116,3535,36064,963,255094,9007,57025,1501,87309,3068,112035,3762,3267250,82041
2021-04-24T21:55:13+02:00,zeit online (gen3),429939,9300,576541,14045,164106,3187,99727,3520,24522,446,70163,1456,254047,6824,38530,965,231160,5339,711191,15250,135667,3535,36235,964,256310,9030,57359,1501,87733,3076,112703,3783,3285933,82221
2021-04-26T19:55:13+02:00,zeit online (gen3),434072,9347,581969,14075,165097,3193,100343,3528,24663,448,70709,1461,256143,6852,38717,976,233258,5355,718593,15292,136873,3543,36428,966,257999,9089,57654,1506,88564,3089,113521,3787,3314603,82507
2021-04-28T19:50:16+02:00,zeit online (gen3),441961,9403,587735,14148,167101,3210,100956,3555,24980,452,71238,1474,259132,6888,39671,985,235593,5397,726538,15443,138813,3562,37020,968,261398,9135,58294,1510,89814,3121,115009,3821,3355253,83072
2021-04-29T20:00:21+02:00,zeit online (gen3),445439,9432,592029,14195,167843,3210,101616,3574,25123,453,71639,1483,261108,6915,39958,995,237107,5414,732167,15502,139835,3570,37293,971,262806,9162,58558,1511,90461,3137,115918,3842,3378900,83366
2021-05-01T19:30:21+02:00,zeit online (gen3),451059,9468,597235,14264,168958,3214,102557,3592,25388,454,72189,1496,264101,6946,40515,999,239424,5433,741390,15598,141067,3579,37695,973,265300,9206,59053,1514,91350,3152,117582,3882,3414863,83770
2021-05-02T20:50:14+02:00,zeit online (gen3),452505,9476,599748,14271,169015,3216,102874,3596,25434,454,72392,1502,265273,6962,40604,1000,240498,5439,745116,15623,141550,3580,37761,974,266175,9212,59169,1515,91660,3155,118087,3889,3427861,83864
2021-05-03T22:05:13+02:00,zeit online (gen3),453901,9504,601436,14294,169565,3228,103031,3599,25508,454,72582,1503,265840,6974,40685,1009,241301,5452,747357,15674,142069,3584,37850,975,266654,9244,59331,1517,91953,3163,118477,3910,3437540,84084
2021-05-04T20:10:16+02:00,zeit online (gen3),456690,9539,602785,14338,170295,3233,103186,3631,25623,454,72835,1504,266454,7017,41067,1011,241883,5465,750187,15757,142601,3596,38018,977,267639,9265,59595,1519,92255,3182,118863,3933,3449976,84421
2021-05-05T20:00:23+02:00,zeit online (gen3),460298,9556,605746,14373,171145,3242,103598,3654,25812,457,73058,1509,268187,7048,41329,1018,243346,5474,754317,15817,143554,3611,38253,979,269600,9293,59885,1522,92853,3197,119674,3937,3470655,84687
2021-05-06T20:25:14+02:00,zeit online (gen3),463486,9577,609060,14415,171145,3242,104154,3658,25913,460,73338,1513,269696,7076,41559,1032,244787,5490,759101,15871,144332,3620,38448,982,271180,9321,60134,1524,93467,3207,120446,3951,3490246,84939
2021-05-08T21:15:13+02:00,zeit online (gen3),467951,9617,613553,14471,172333,3266,104857,3681,26096,461,73836,1517,272094,7109,41963,1043,246766,5505,766132,15961,145380,3626,38757,985,273134,9352,60526,1529,94344,3217,121610,3986,3519332,85326
2021-05-09T19:40:16+02:00,zeit online (gen3),469002,9626,615458,14488,172652,3302,105092,3685,26141,463,73984,1519,273201,7118,42017,1044,247514,5507,769130,15978,145821,3627,38829,985,273785,9358,60636,1531,94554,3218,122085,3999,3529901,85448
2021-05-10T20:45:13+02:00,zeit online (gen3),470325,9651,616944,14511,172730,3302,105246,3688,26172,463,74176,1519,273554,7125,42075,1055,248218,5524,771083,16022,146235,3634,38920,985,274267,9373,60804,1537,94786,3223,122300,4006,3537835,85618
2021-05-11T19:20:16+02:00,zeit online (gen3),472634,9696,617822,14554,173196,3306,105300,3691,26249,464,74321,1519,274221,7148,42360,1059,248760,5539,772667,16108,146797,3641,39079,987,275050,9398,61034,1540,95017,3232,122662,4027,3547169,85909
2021-05-13T21:30:21+02:00,zeit online (gen3),477394,9736,622325,14610,174413,3325,106071,3714,26434,467,74673,1530,277084,7171,42749,1069,250796,5568,779448,16221,147929,3645,39455,991,277518,9447,61360,1547,95984,3241,123988,4076,3577621,86358
2021-05-16T01:35:13+02:00,zeit online (gen3),480093,9784,625323,14654,175023,3399,106467,3722,26523,468,74893,1531,278523,7188,42905,1079,252003,5581,783439,16279,148837,3655,39645,996,278531,9456,61637,1566,96406,3263,124622,4095,3594870,86716
2021-05-17T19:25:13+02:00,zeit online (gen3),481607,9813,627869,14690,175287,3399,106741,3722,26590,469,75090,1533,279517,7207,42981,1087,252989,5588,787222,16314,149384,3667,39767,996,279194,9482,61795,1568,96731,3267,125045,4102,3607809,86904
2021-05-18T19:55:13+02:00,zeit online (gen3),483400,9838,628841,14734,175657,3403,106835,3725,26614,470,75148,1533,279988,7227,43224,1090,253323,5608,788541,16365,149762,3678,39934,1000,279892,9534,61988,1572,96898,3280,125334,4135,3615379,87192
2021-05-20T20:10:16+02:00,zeit online (gen3),487074,9895,632331,14795,176501,3416,107416,3739,26774,470,75483,1541,282064,7259,43436,1104,254971,5639,793322,16452,150743,3691,40228,1005,281590,9591,62258,1575,97428,3308,126396,4170,3638015,87650
2021-05-23T19:35:12+02:00,zeit online (gen3),490075,9953,635547,14863,177184,3438,107904,3746,26860,471,75752,1545,283950,7289,43602,1109,256317,5662,798166,16517,151459,3707,40494,1008,282582,9648,62566,1588,97860,3322,127141,4193,3657459,88059
2021-05-24T19:35:15+02:00,zeit online (gen3),490390,9957,635961,14869,177234,3439,107967,3746,26883,471,75820,1545,284091,7292,43612,1109,256589,5663,799093,16527,151602,3709,40507,1008,282620,9648,62637,1589,97930,3325,127191,4197,3660127,88094
2021-05-25T21:35:13+02:00,zeit online (gen3),490977,9981,636489,14887,177310,3440,107986,3746,26897,472,75859,1545,284202,7301,43623,1113,256718,5665,799763,16547,151814,3719,40571,1008,282743,9660,62682,1592,97968,3326,127264,4200,3662866,88202
2021-05-27T19:20:16+02:00,zeit online (gen3),492721,10019,637954,14980,177661,3460,108103,3757,26988,473,76014,1548,285110,7367,43762,1120,257298,5690,801831,16681,152322,3730,40712,1011,283696,9703,62857,1596,98229,3347,127635,4225,3672893,88707
2021-05-28T19:10:13+02:00,zeit online (gen3),493973,10043,638974,15000,177942,3465,108252,3767,27024,473,76099,1557,285740,7380,43819,1120,257687,5707,803468,16725,152564,3735,40777,1013,284066,9731,62966,1601,98346,3351,127836,4239,3679533,88907
2021-06-03T19:40:14+02:00,zeit online (gen3),497488,10109,642357,15077,178753,3499,108595,3782,27192,475,76465,1566,287707,7459,43951,1124,259240,5754,808929,16849,153593,3754,41071,1019,285209,9859,63309,1613,98817,3404,128495,4274,3701171,89617
2021-06-05T10:05:11+02:00,zeit online (gen3),497864,10116,643064,15087,179094,3506,108686,3787,27217,475,76504,1567,288101,7465,43975,1126,259527,5763,810006,16880,153795,3760,41090,1020,285320,9906,63364,1614,98894,3413,128665,4303,3705166,89788
