time_iso8601,DE-BB,DE-BE,DE-BW,DE-BY,DE-HB,DE-HE,DE-HH,DE-MV,DE-NI,DE-NW,DE-RP,DE-SH,DE-SL,DE-SN,DE-ST,DE-TH,sum_deaths
2020-03-26T20:00:00+0000,3,8,109,81,2,7,2,0,21,98,12,6,6,9,2,4,370
2020-03-27T20:00:00+0000,4,11,148,139,2,12,4,1,30,124,19,7,7,10,4,5,527
2020-03-29T19:00:00+0000,4,13,179,169,4,15,7,1,40,139,20,8,9,11,8,5,632
2020-03-30T19:00:00+0000,7,15,214,211,5,22,7,3,48,156,21,10,12,15,8,6,760
2020-03-31T19:00:00+0000,11,17,257,259,6,26,8,3,57,188,26,11,15,19,8,8,919
2020-04-01T19:00:00+0000,15,20,304,307,6,36,14,4,74,222,27,14,16,22,11,9,1101
2020-04-02T19:00:00+0000,17,22,344,366,6,46,16,5,84,242,31,16,16,30,11,11,1263
2020-04-03T19:00:00+0000,23,24,395,403,6,60,16,5,92,275,34,18,21,38,12,11,1433
2020-04-04T19:00:00+0000,26,26,420,441,8,64,19,7,103,313,38,19,24,40,12,11,1571
2020-04-05T19:00:00+0000,30,28,462,499,9,74,19,8,125,374,43,22,30,43,13,18,1797
2020-04-06T19:00:00+0000,37,32,503,546,10,96,25,11,142,405,50,26,32,51,16,20,2002
2020-04-07T19:00:00+0000,42,37,544,645,11,107,29,11,161,452,56,32,35,60,16,21,2259
2020-04-08T19:00:00+0000,50,42,608,719,13,118,33,11,178,505,60,37,38,66,17,24,2519
2020-04-09T19:00:00+0000,53,46,647,778,13,128,38,11,192,529,63,39,42,67,20,25,2691
2020-04-10T19:00:00+0000,55,50,680,803,15,138,42,11,212,559,69,40,42,69,22,25,2832
2020-04-11T19:00:00+0000,56,51,713,857,15,147,47,11,226,591,71,46,48,73,24,27,3003
2020-04-12T19:00:00+0000,60,56,743,903,20,162,52,11,243,633,76,47,50,74,25,29,3184
2020-04-13T19:00:00+0000,66,62,810,988,21,178,58,11,260,684,84,52,64,86,25,36,3485
2020-04-14T19:00:00+0000,71,74,870,1097,21,195,61,12,276,737,91,55,68,91,26,45,3790
2020-04-15T19:00:00+0000,74,84,925,1170,22,210,80,12,300,788,97,59,83,98,29,47,4078
2020-04-16T19:00:00+0000,79,91,981,1244,24,222,84,14,315,838,107,61,89,105,30,51,4335
2020-04-17T19:00:00+0000,86,92,1018,1308,25,231,90,14,320,871,110,62,94,108,31,52,4512
2020-04-18T19:00:00+0000,91,92,1033,1335,25,241,91,14,329,895,113,65,99,110,32,53,4618
2020-04-19T19:00:00+0000,93,97,1078,1408,25,255,91,15,340,932,119,74,101,118,34,60,4840
2020-04-20T19:00:00+0000,101,105,1124,1470,26,266,91,15,357,976,126,79,108,124,35,63,5066
2020-04-21T19:00:00+0000,109,105,1176,1538,27,287,95,15,366,1016,134,83,116,129,37,63,5296
2020-04-22T19:00:00+0000,116,112,1217,1627,27,299,113,16,379,1064,140,87,120,135,37,66,5555
2020-04-23T19:00:00+0000,122,113,1254,1670,27,309,122,16,399,1107,145,90,122,145,37,70,5748
2020-04-24T19:00:00+0000,127,123,1274,1693,27,310,139,16,405,1116,149,91,122,148,38,74,5852
2020-04-25T19:00:00+0000,127,125,1284,1725,27,326,140,16,414,1135,153,98,124,148,38,76,5956
2020-04-26T19:00:00+0000,132,127,1306,1769,27,334,142,16,422,1171,157,100,126,153,41,82,6105
2020-04-27T19:00:00+0000,134,137,1336,1834,29,344,147,16,436,1206,162,102,126,156,42,85,6292
2020-04-28T19:00:00+0000,139,147,1364,1877,29,355,153,16,445,1230,164,106,128,157,45,91,6446
2020-04-29T19:00:00+0000,145,149,1409,1908,30,361,155,16,457,1258,168,107,129,165,46,96,6599
2020-04-30T19:00:00+0000,147,152,1424,1963,30,368,163,16,466,1268,174,111,131,166,46,97,6722
2020-05-01T19:00:00+0000,149,154,1436,1986,30,372,163,16,472,1279,175,115,132,169,47,98,6793
2020-05-02T19:00:00+0000,149,154,1442,2007,31,376,165,16,476,1291,179,115,133,169,47,101,6851
2020-05-03T19:00:00+0000,149,154,1487,2028,32,386,167,16,482,1302,184,117,136,172,47,103,6962
2020-05-04T19:00:00+0000,149,159,1513,2063,32,393,172,18,487,1353,187,119,137,174,48,107,7111
2020-05-05T19:00:00+0000,151,162,1533,2117,32,400,190,18,494,1369,189,120,137,177,48,111,7248
2020-05-06T19:00:00+0000,154,163,1549,2168,32,406,194,18,502,1396,191,122,137,183,48,111,7374
2020-05-07T19:00:00+0000,155,164,1567,2201,32,415,201,18,506,1413,194,123,138,189,48,119,7483
2020-05-08T19:00:00+0000,157,165,1574,2211,32,419,204,18,509,1422,194,124,138,189,48,120,7524
2020-05-09T19:00:00+0000,157,165,1580,2217,33,420,204,18,511,1428,194,125,138,190,48,120,7548
2020-05-10T19:00:00+0000,157,165,1583,2222,33,420,204,18,518,1437,194,125,138,190,48,120,7572
2020-05-11T19:00:00+0000,159,170,1620,2247,35,425,216,19,528,1467,203,126,138,194,52,128,7727
2020-05-12T19:00:00+0000,160,170,1629,2251,35,425,223,19,534,1471,203,126,139,195,52,129,7761
2020-05-13T19:00:00+0000,160,177,1655,2293,36,437,228,19,542,1477,207,127,139,196,52,135,7880
2020-05-14T19:00:00+0000,162,181,1660,2299,36,439,228,19,549,1487,211,127,141,196,54,138,7927
2020-05-15T19:00:00+0000,163,181,1674,2318,36,444,231,19,550,1499,214,128,142,197,54,139,7989
2020-05-16T19:00:00+0000,163,181,1679,2323,37,450,232,19,551,1506,214,128,142,197,54,140,8016
2020-05-17T19:00:00+0000,164,182,1702,2335,37,456,234,19,558,1516,221,129,146,199,54,142,8094
2020-05-18T19:00:00+0000,164,186,1714,2348,37,459,234,19,565,1525,221,130,146,200,54,147,8149
2020-05-19T19:00:00+0000,164,186,1722,2365,37,463,236,19,573,1534,223,130,146,201,54,147,8200
2020-05-20T19:00:00+0000,164,190,1723,2393,38,463,236,20,575,1545,224,130,149,201,54,152,8257
2020-05-21T19:00:00+0000,164,190,1739,2405,40,469,240,20,577,1547,226,131,149,202,54,152,8305
2020-05-22T19:00:00+0000,164,191,1740,2410,40,473,240,20,577,1549,226,135,149,203,54,152,8323
2020-05-23T19:00:00+0000,164,191,1742,2418,40,474,240,20,577,1553,227,137,149,203,54,152,8341
2020-05-24T19:00:00+0000,164,191,1742,2418,40,474,240,20,577,1553,227,137,149,203,54,152,8341
2020-05-25T19:00:00+0000,165,193,1762,2456,40,478,241,20,593,1569,229,140,149,208,55,156,8454
2020-05-26T19:00:00+0000,165,195,1770,2467,40,481,242,20,597,1575,229,143,151,210,56,157,8498
2020-05-27T19:00:00+0000,165,196,1783,2472,40,484,245,20,600,1587,229,144,151,211,56,160,8543
2020-05-28T19:00:00+0000,165,197,1781,2476,41,489,245,20,602,1593,230,144,151,213,56,161,8564
2020-05-29T19:00:00+0000,165,198,1782,2479,41,489,245,20,603,1593,230,144,151,213,56,162,8571
2020-05-30T19:00:00+0000,165,198,1784,2480,41,490,245,20,604,1594,230,144,151,213,56,162,8577
2020-05-31T19:00:00+0000,165,198,1786,2486,41,491,245,20,605,1595,230,144,151,213,56,165,8591
2020-06-01T19:00:00+0000,165,198,1795,2496,42,492,245,20,607,1604,230,145,167,214,56,167,8643
2020-06-02T19:00:00+0000,167,200,1799,2503,42,492,245,20,609,1612,231,145,168,214,56,168,8671
2020-06-03T19:00:00+0000,168,200,1808,2513,42,492,245,20,613,1619,231,147,168,214,56,169,8705
2020-06-04T19:00:00+0000,169,200,1812,2520,42,495,245,20,615,1626,231,148,168,216,56,173,8736
2020-06-05T19:00:00+0000,169,205,1818,2513,43,497,245,20,615,1628,231,148,168,216,56,174,8746
2020-06-06T19:00:00+0000,169,205,1818,2517,43,498,245,20,615,1628,231,148,168,217,56,174,8752
2020-06-07T19:00:00+0000,169,205,1823,2528,43,498,245,20,617,1632,232,148,168,217,57,174,8776
2020-06-08T19:00:00+0000,169,206,1829,2535,43,499,254,20,617,1633,232,149,169,219,57,175,8806
2020-06-09T19:00:00+0000,170,206,1829,2540,43,499,254,20,618,1637,232,149,170,221,57,176,8821
2020-06-10T19:00:00+0000,170,208,1829,2542,45,499,254,20,619,1637,232,149,170,221,57,176,8828
2020-06-11T19:00:00+0000,170,208,1832,2543,45,499,254,20,622,1639,233,151,170,221,57,176,8840
2020-06-12T19:00:00+0000,170,208,1833,2545,45,500,254,20,623,1639,233,151,170,221,57,176,8845
2020-06-13T19:00:00+0000,170,208,1833,2546,45,501,254,20,623,1639,233,151,170,221,58,176,8848
2020-06-14T19:00:00+0000,170,208,1835,2547,48,501,255,20,623,1643,234,152,170,221,58,177,8862
2020-06-15T19:00:00+0000,170,209,1837,2551,49,502,255,20,626,1650,234,153,170,222,58,180,8886
2020-06-16T19:00:00+0000,170,210,1841,2554,49,505,255,20,628,1653,234,153,170,222,58,180,8902
2020-06-17T19:00:00+0000,170,211,1848,2559,49,506,255,20,629,1655,234,153,170,222,58,180,8919
2020-06-18T19:00:00+0000,170,211,1850,2564,49,508,259,20,629,1659,234,153,170,222,58,181,8937
2020-06-19T19:00:00+0000,170,211,1850,2565,49,509,259,20,629,1659,234,153,170,222,58,181,8939
2020-06-20T19:00:00+0000,170,211,1850,2564,49,510,259,20,629,1659,234,153,170,222,58,181,8939
2020-06-21T19:00:00+0000,170,211,1850,2569,49,510,259,20,630,1659,234,153,170,222,58,182,8946
2020-06-22T19:00:00+0000,170,211,1851,2576,49,510,259,20,632,1661,236,153,171,223,58,182,8962
2020-06-23T19:00:00+0000,170,212,1853,2580,49,513,259,20,633,1664,237,153,171,223,58,182,8977
2020-06-24T19:00:00+0000,170,212,1854,2582,49,513,259,20,635,1668,237,153,171,223,58,182,8986
2020-06-25T19:00:00+0000,170,213,1856,2585,50,513,259,20,639,1671,237,153,171,223,58,184,9002
2020-06-26T19:00:00+0000,170,213,1856,2585,50,513,259,20,639,1671,237,153,171,223,58,184,9002
2020-06-27T19:00:00+0000,170,213,1856,2585,50,514,259,20,639,1674,237,153,171,223,58,184,9006
2020-06-28T19:00:00+0000,170,214,1857,2585,53,515,259,20,640,1679,237,153,171,223,58,184,9018
2020-06-29T19:00:00+0000,170,214,1862,2589,53,515,259,20,641,1679,237,153,172,223,59,184,9030
2020-06-30T19:00:00+0000,171,214,1866,2590,53,515,259,20,642,1682,237,153,172,224,59,184,9041
2020-07-01T19:00:00+0000,171,214,1866,2592,53,515,260,20,642,1682,237,153,173,224,59,184,9045
2020-07-02T19:00:00+0000,171,214,1866,2596,53,515,260,20,643,1685,237,153,173,225,59,184,9054
2020-07-03T19:00:00+0000,171,215,1866,2598,53,518,260,20,643,1685,237,153,173,225,59,184,9060
2020-07-04T19:00:00+0000,171,215,1866,2598,54,518,260,20,643,1688,237,153,173,225,59,184,9064
2020-07-05T19:00:00+0000,171,215,1867,2599,54,519,260,20,643,1690,237,153,174,225,59,184,9070
2020-07-06T19:00:00+0000,171,215,1867,2605,54,519,260,20,647,1692,237,153,174,225,59,184,9082
2020-07-07T19:00:00+0000,172,216,1868,2606,54,520,260,20,647,1697,238,154,174,225,59,185,9095
2020-07-08T19:00:00+0000,172,216,1868,2608,54,521,260,20,647,1702,238,155,174,226,59,185,9105
2020-07-09T19:00:00+0000,172,216,1867,2609,55,521,260,20,648,1704,238,155,174,226,59,185,9109
2020-07-10T19:00:00+0000,172,217,1867,2609,55,521,260,20,648,1707,238,155,174,226,59,185,9113
2020-07-11T19:00:00+0000,172,217,1867,2609,55,521,260,20,648,1707,238,155,174,226,59,185,9113
2020-07-12T19:00:00+0000,172,219,1867,2609,55,521,260,20,649,1708,238,155,174,226,59,185,9117
2020-07-13T19:00:00+0000,172,220,1867,2610,55,521,260,20,651,1708,238,155,174,226,61,185,9123
2020-07-14T19:00:00+0000,172,220,1867,2610,55,521,260,20,651,1708,238,155,174,226,61,185,9123
2020-07-15T19:00:00+0000,172,221,1867,2612,55,521,260,20,651,1713,240,155,174,226,61,186,9134
2020-07-16T19:00:00+0000,172,221,1868,2614,55,521,260,20,652,1713,240,155,174,226,61,186,9138
2020-07-17T19:00:00+0000,172,221,1868,2615,55,521,260,20,652,1713,240,155,174,226,61,186,9139
2020-07-18T19:00:00+0000,172,221,1868,2615,55,521,260,20,652,1713,240,156,174,226,61,186,9140
2020-07-19T19:00:00+0000,172,221,1868,2617,55,522,260,20,653,1717,240,156,174,226,62,186,9149
2020-07-20T19:00:00+0000,172,222,1869,2618,55,522,260,20,655,1719,240,156,174,226,62,186,9156
2020-07-21T19:00:00+0000,172,222,1869,2620,55,523,260,20,655,1720,240,156,174,226,62,186,9160
2020-07-22T19:00:00+0000,172,222,1869,2620,55,524,260,20,655,1724,240,156,174,226,62,186,9165
2020-07-23T19:00:00+0000,172,223,1871,2621,55,524,260,20,656,1727,240,156,174,226,62,186,9173
2020-07-24T19:00:00+0000,172,223,1871,2621,55,525,260,20,656,1727,240,156,174,226,62,186,9174
2020-07-25T19:00:00+0000,172,223,1871,2621,55,525,260,20,656,1727,240,156,174,226,62,186,9174
2020-07-26T19:00:00+0000,172,223,1872,2621,55,525,260,20,656,1727,240,157,174,226,62,187,9177
2020-07-27T19:00:00+0000,172,223,1873,2621,55,525,260,20,656,1729,241,157,174,226,62,187,9181
2020-07-28T19:00:00+0000,172,223,1874,2622,55,526,260,20,656,1732,241,157,174,226,64,187,9189
2020-07-29T19:00:00+0000,172,223,1876,2622,56,527,261,20,657,1735,241,157,174,226,64,187,9198
2020-07-30T19:00:00+0000,172,223,1877,2623,56,527,261,20,657,1736,241,157,174,226,64,187,9201
2020-07-31T19:00:00+0000,172,223,1877,2623,56,527,261,20,657,1736,241,157,174,226,64,187,9201
2020-08-01T19:00:00+0000,172,223,1877,2623,56,527,261,20,657,1738,241,157,174,226,64,187,9203
2020-08-02T19:00:00+0000,172,223,1878,2625,56,527,261,20,657,1739,241,158,174,226,64,187,9208
2020-08-03T19:00:00+0000,172,223,1878,2625,56,527,261,20,657,1739,241,158,174,226,64,187,9208
2020-08-04T19:00:00+0000,172,224,1879,2625,56,530,261,20,657,1746,241,158,174,226,64,188,9221
2020-08-05T19:00:00+0000,172,224,1882,2625,56,531,261,20,657,1750,241,158,174,226,64,188,9229
2020-08-06T19:00:00+0000,173,224,1882,2625,56,531,261,20,657,1751,241,158,174,226,64,188,9231
2020-08-07T19:00:00+0000,173,224,1882,2625,56,531,262,20,657,1755,241,158,174,226,64,188,9236
2020-08-08T19:00:00+0000,173,224,1882,2625,56,532,262,20,657,1755,241,158,174,226,64,188,9237
2020-08-09T19:00:00+0000,173,224,1882,2625,56,532,262,20,657,1757,242,158,174,226,64,189,9241
2020-08-10T19:00:00+0000,173,224,1882,2627,56,533,262,20,657,1758,242,158,174,226,64,189,9245
2020-08-11T19:00:00+0000,173,224,1883,2627,56,533,262,20,657,1765,242,158,174,226,64,189,9253
2020-08-12T19:00:00+0000,173,224,1883,2631,56,533,262,20,657,1766,242,158,174,226,64,189,9258
2020-08-13T19:00:00+0000,173,224,1883,2631,56,533,264,20,658,1771,244,158,174,226,64,189,9268
2020-08-14T19:00:00+0000,173,224,1883,2631,56,533,264,20,658,1772,244,158,174,226,64,189,9269
2020-08-15T19:00:00+0000,173,224,1883,2631,56,533,264,20,658,1772,244,158,174,226,64,189,9269
2020-08-16T19:00:00+0000,173,224,1883,2631,56,533,264,20,659,1775,244,158,176,226,64,189,9275
2020-08-17T19:00:00+0000,173,224,1884,2631,56,534,264,20,659,1779,244,159,176,226,65,189,9283
2020-08-18T19:00:00+0000,173,224,1884,2631,56,536,264,20,659,1784,246,160,176,226,65,189,9293
2020-08-19T19:00:00+0000,173,226,1885,2633,56,536,264,20,661,1788,246,160,176,226,65,189,9304
2020-08-20T19:00:00+0000,173,226,1885,2633,56,536,264,20,662,1791,246,160,176,226,65,189,9308
2020-08-21T19:00:00+0000,173,226,1885,2633,56,536,265,20,662,1792,247,160,176,226,65,189,9311
2020-08-22T19:00:00+0000,173,226,1885,2633,56,536,265,20,663,1792,247,160,176,226,65,189,9312
2020-08-23T19:00:00+0000,173,226,1885,2634,56,536,265,20,664,1793,247,161,176,226,65,189,9316
2020-08-24T19:00:00+0000,173,226,1886,2636,56,537,265,20,666,1796,247,161,176,226,65,189,9325
2020-08-25T19:00:00+0000,173,226,1888,2636,56,537,266,20,666,1799,247,161,176,226,65,189,9331
2020-08-26T19:00:00+0000,173,226,1888,2636,56,538,268,20,666,1802,247,161,176,226,65,189,9337
2020-08-27T19:00:00+0000,173,226,1888,2636,56,538,268,20,667,1802,247,161,177,226,65,189,9339
2020-08-28T19:00:00+0000,173,226,1888,2636,56,538,268,20,668,1803,247,161,177,226,65,189,9341
2020-08-29T19:00:00+0000,173,226,1888,2636,56,539,268,20,668,1803,247,161,177,226,65,189,9342
2020-08-30T19:00:00+0000,173,226,1889,2639,56,540,268,20,668,1805,247,161,177,226,65,189,9349
2020-08-31T19:00:00+0000,173,226,1890,2641,57,540,268,20,668,1810,248,161,177,226,65,189,9359
2020-09-01T19:00:00+0000,173,226,1890,2643,58,542,268,20,668,1815,248,161,177,226,66,189,9370
2020-09-02T19:00:00+0000,173,226,1892,2643,58,542,268,20,668,1818,248,161,177,226,66,189,9375
2020-09-03T19:00:00+0000,173,226,1892,2643,58,542,268,20,668,1821,248,161,177,226,66,190,9379
2020-09-04T19:00:00+0000,173,226,1892,2643,58,542,268,20,668,1821,248,161,177,226,66,190,9379
2020-09-05T19:00:00+0000,173,226,1892,2643,58,542,268,20,668,1821,248,161,177,226,66,190,9379
2020-09-06T19:00:00+0000,173,226,1893,2644,58,542,268,20,668,1823,249,161,177,226,66,190,9384
2020-09-07T19:00:00+0000,173,226,1893,2645,58,542,268,20,668,1824,251,161,177,226,66,190,9388
2020-09-08T19:00:00+0000,173,226,1894,2644,58,543,268,20,668,1824,251,161,177,226,66,191,9390
2020-09-09T19:00:00+0000,173,226,1895,2645,58,544,269,20,668,1827,252,161,177,226,66,191,9398
2020-09-10T19:00:00+0000,173,226,1895,2646,58,545,269,20,669,1829,252,161,177,226,66,191,9403
2020-09-11T19:00:00+0000,173,226,1895,2647,58,546,269,20,669,1830,252,161,177,226,66,191,9406
2020-09-12T19:00:00+0000,173,226,1895,2647,58,546,269,20,669,1830,252,161,177,226,66,192,9407
2020-09-13T19:00:00+0000,173,226,1895,2650,59,546,269,20,669,1833,253,161,177,227,66,192,9416
2020-09-14T19:00:00+0000,173,227,1896,2651,59,548,270,20,669,1836,253,161,177,227,66,192,9425
2020-09-15T19:00:00+0000,173,227,1896,2651,59,548,270,20,670,1838,253,161,178,227,66,192,9429
2020-09-16T19:00:00+0000,173,227,1896,2654,59,550,270,20,671,1840,253,161,178,227,66,192,9437
2020-09-17T19:00:00+0000,173,227,1898,2654,59,550,271,20,672,1842,253,161,178,227,66,192,9443
2020-09-18T19:00:00+0000,173,227,1898,2654,59,550,271,20,672,1844,253,161,178,227,66,192,9445
2020-09-19T19:00:00+0000,173,227,1898,2655,59,551,271,20,672,1845,253,161,178,227,66,192,9448
2020-09-20T19:00:00+0000,173,227,1899,2658,59,552,271,20,674,1848,253,161,178,228,67,193,9461
2020-09-21T19:00:00+0000,173,228,1900,2659,59,552,271,20,674,1854,254,161,178,229,67,193,9472
2020-09-22T19:00:00+0000,173,228,1902,2660,59,553,271,20,681,1859,255,161,178,229,67,193,9489
2020-09-23T19:00:00+0000,173,228,1902,2660,59,554,271,20,682,1861,257,161,178,233,67,193,9499
2020-09-24T19:00:00+0000,173,228,1904,2662,59,557,271,20,683,1864,257,161,178,233,67,193,9510
2020-09-25T19:00:00+0000,173,228,1904,2662,59,557,271,20,683,1866,257,161,178,233,67,193,9512
2020-09-26T19:00:00+0000,173,228,1905,2662,59,557,271,20,683,1867,257,161,178,233,67,193,9514
2020-09-27T19:00:00+0000,173,228,1906,2664,59,558,271,20,683,1869,259,161,178,235,68,193,9525
2020-09-28T19:00:00+0000,173,228,1909,2668,59,558,271,20,685,1870,259,161,178,235,68,194,9536
2020-09-29T19:00:00+0000,173,228,1912,2668,59,558,271,20,686,1875,261,162,178,239,68,194,9552
2020-09-30T19:00:00+0000,173,229,1915,2669,59,558,271,20,689,1879,261,162,178,241,68,194,9566
2020-10-01T19:00:00+0000,173,231,1915,2671,59,558,272,20,691,1881,261,162,178,241,68,194,9575
2020-10-02T19:00:00+0000,173,231,1915,2671,59,558,272,20,691,1881,261,162,178,241,68,194,9575
2020-10-03T19:00:00+0000,173,231,1916,2671,59,558,272,20,693,1883,261,162,178,241,68,194,9580
2020-10-04T19:00:00+0000,173,231,1921,2677,59,559,273,20,693,1883,262,162,178,241,68,194,9594
2020-10-05T19:00:00+0000,173,231,1923,2682,59,562,273,20,695,1886,262,162,178,244,68,194,9612
2020-10-06T19:00:00+0000,174,232,1926,2685,60,563,273,20,695,1892,263,162,178,246,68,194,9631
2020-10-07T19:00:00+0000,174,233,1926,2690,60,563,276,20,696,1898,263,162,178,246,68,194,9647
2020-10-08T19:00:00+0000,174,234,1927,2693,60,564,276,20,699,1906,263,162,178,249,68,194,9667
2020-10-09T19:00:00+0000,174,234,1928,2693,60,565,277,20,699,1907,263,162,178,249,68,194,9671
2020-10-10T19:00:00+0000,174,234,1928,2693,61,568,277,20,700,1913,263,162,178,249,68,194,9682
2020-10-11T19:00:00+0000,176,234,1930,2695,61,570,277,20,706,1916,263,162,178,250,68,195,9701
2020-10-12T19:00:00+0000,178,236,1931,2697,62,571,277,20,706,1920,266,162,178,252,69,195,9720
2020-10-13T19:00:00+0000,178,236,1938,2704,62,576,278,20,707,1926,266,162,178,254,71,195,9751
2020-10-14T19:00:00+0000,179,238,1945,2709,62,578,278,20,712,1937,268,163,178,257,71,195,9790
2020-10-15T19:00:00+0000,180,239,1947,2712,62,579,278,20,715,1945,269,163,178,260,71,197,9815
2020-10-16T19:00:00+0000,181,239,1950,2723,62,579,278,21,716,1945,270,163,178,260,71,197,9833
2020-10-17T19:00:00+0000,181,241,1953,2723,62,581,280,21,717,1945,270,163,178,261,71,197,9844
2020-10-18T19:00:00+0000,181,241,1955,2726,63,587,280,21,724,1955,271,163,179,262,71,198,9877
2020-10-19T19:00:00+0000,182,243,1968,2731,63,597,281,21,728,1971,272,163,180,262,71,200,9933
2020-10-20T19:00:00+0000,183,243,1971,2738,63,602,281,21,732,1985,273,165,180,268,72,201,9978
2020-10-21T19:00:00+0000,185,245,1981,2742,63,607,282,21,736,1993,274,166,180,273,74,201,10023
2020-10-22T19:00:00+0000,186,248,1986,2747,64,613,283,21,739,2007,274,166,181,275,74,203,10067
2020-10-23T19:00:00+0000,186,249,1989,2752,64,618,283,21,739,2012,275,167,181,277,74,203,10090
2020-10-24T19:00:00+0000,189,250,1991,2755,64,620,283,21,743,2021,275,167,182,280,74,203,10118
2020-10-25T20:00:00+0000,190,251,1999,2761,66,624,283,22,745,2032,279,167,183,285,75,203,10165
2020-10-26T20:00:00+0000,195,251,2007,2773,66,633,283,22,750,2059,282,167,184,294,76,203,10245
2020-10-27T20:00:00+0000,195,253,2018,2783,70,646,283,22,754,2092,285,171,187,302,77,203,10341
2020-10-28T20:00:00+0000,200,253,2034,2800,71,649,283,23,758,2108,287,174,190,306,78,203,10417
2020-10-29T20:00:00+0000,204,255,2044,2809,72,655,283,23,770,2122,289,177,193,324,79,206,10505
2020-10-30T20:00:00+0000,205,261,2050,2815,72,664,283,23,777,2141,290,177,195,326,79,208,10566
2020-10-31T20:00:00+0000,208,261,2055,2819,73,670,285,23,780,2151,291,178,195,330,82,208,10609
2020-11-01T20:00:00+0000,209,261,2063,2831,74,685,288,24,785,2185,299,184,197,336,84,211,10716
2020-11-02T20:00:00+0000,215,265,2077,2844,78,701,291,24,797,2223,304,189,198,357,86,214,10863
2020-11-03T20:00:00+0000,218,272,2094,2857,80,717,294,24,812,2265,312,191,201,369,86,219,11011
2020-11-04T20:00:00+0000,220,287,2117,2887,81,730,296,26,819,2295,317,194,205,389,87,223,11173
2020-11-05T20:00:00+0000,223,292,2130,2918,86,750,298,29,830,2335,323,203,207,409,88,225,11346
2020-11-06T20:00:00+0000,227,294,2133,2929,86,758,298,29,835,2361,325,203,207,414,89,225,11413
2020-11-07T20:00:00+0000,229,295,2138,2936,87,766,304,30,839,2373,328,204,211,422,92,229,11483
2020-11-08T20:00:00+0000,234,301,2151,2960,88,785,304,31,857,2413,335,209,212,427,97,232,11636
2020-11-09T20:00:00+0000,234,313,2176,3011,89,810,304,34,868,2456,349,212,213,432,98,238,11837
2020-11-10T20:00:00+0000,236,321,2205,3045,89,827,305,34,894,2512,354,215,215,462,103,245,12062
2020-11-11T20:00:00+0000,238,333,2241,3077,93,842,308,36,902,2558,366,215,221,476,106,248,12260
2020-11-12T20:00:00+0000,242,348,2266,3112,94,859,310,37,913,2616,372,219,232,502,106,254,12482
2020-11-13T20:00:00+0000,249,358,2285,3133,94,871,311,38,918,2639,376,220,233,509,106,262,12602
2020-11-14T20:00:00+0000,252,362,2288,3151,97,879,311,38,923,2644,377,223,233,527,106,265,12676
2020-11-15T20:00:00+0000,256,371,2330,3181,98,892,313,41,949,2679,387,229,236,538,107,268,12875
2020-11-16T20:00:00+0000,266,393,2365,3255,102,937,314,42,971,2754,400,231,241,570,113,277,13231
2020-11-17T20:00:00+0000,276,401,2405,3291,103,963,315,47,985,2812,407,233,246,589,117,285,13475
2020-11-18T20:00:00+0000,284,422,2438,3346,104,987,318,49,1002,2884,419,235,257,614,121,290,13770
2020-11-19T20:00:00+0000,293,441,2481,3386,105,1018,331,53,1016,2927,431,236,259,657,128,299,14061
2020-11-20T20:00:00+0000,300,447,2487,3432,105,1036,334,53,1025,2978,435,237,261,666,128,302,14226
2020-11-21T20:00:00+0000,304,449,2499,3446,107,1047,336,53,1038,2994,443,237,261,679,129,307,14329
2020-11-22T20:00:00+0000,311,456,2533,3479,112,1069,338,54,1049,3042,462,239,271,702,134,317,14568
2020-11-23T20:00:00+0000,324,492,2586,3550,113,1104,339,55,1085,3116,483,242,273,725,139,325,14951
2020-11-24T20:00:00+0000,337,508,2637,3622,114,1152,347,57,1116,3214,500,244,274,767,144,334,15367
2020-11-25T20:00:00+0000,341,527,2679,3695,115,1187,347,58,1139,3286,517,248,278,839,155,343,15754
2020-11-26T20:00:00+0000,349,539,2736,3742,118,1235,358,61,1164,3376,535,251,279,905,163,349,16160
2020-11-27T20:00:00+0000,361,539,2759,3790,119,1259,368,61,1173,3442,538,251,280,912,166,351,16369
2020-11-28T20:00:00+0000,368,553,2773,3809,121,1269,372,61,1181,3481,543,255,280,929,172,354,16521
2020-11-29T20:00:00+0000,375,565,2817,3854,123,1293,372,63,1200,3536,570,257,285,993,179,367,16849
2020-11-30T20:00:00+0000,396,594,2880,3962,125,1339,373,65,1231,3612,594,258,290,1061,190,378,17348
2020-12-01T20:00:00+0000,429,618,2936,4028,129,1382,385,69,1247,3712,614,259,292,1105,199,397,17801
2020-12-02T20:00:00+0000,435,641,2982,4156,132,1423,387,71,1262,3793,633,263,296,1162,202,413,18251
2020-12-03T20:00:00+0000,449,657,3031,4254,133,1459,404,75,1278,3868,654,264,300,1223,214,422,18685
2020-12-04T20:00:00+0000,454,679,3058,4305,136,1480,407,76,1289,3934,675,264,303,1268,215,428,18971
2020-12-05T20:00:00+0000,455,683,3071,4337,137,1500,419,77,1301,3967,685,266,305,1302,219,432,19156
2020-12-06T20:00:00+0000,462,699,3118,4415,139,1538,423,81,1312,4020,723,271,308,1340,224,453,19526
2020-12-07T20:00:00+0000,485,732,3185,4546,143,1604,425,87,1367,4122,752,273,311,1392,236,471,20131
2020-12-08T20:00:00+0000,505,749,3244,4661,147,1657,435,89,1388,4227,778,282,320,1473,251,490,20696
2020-12-09T20:00:00+0000,532,768,3313,4753,150,1699,443,94,1413,4323,823,286,328,1539,261,502,21227
2020-12-10T20:00:00+0000,552,790,3390,4848,150,1760,458,96,1446,4417,854,292,334,1627,279,520,21813
2020-12-11T20:00:00+0000,560,813,3436,4917,154,1796,462,96,1449,4478,866,294,338,1690,286,532,22167
2020-12-12T20:00:00+0000,567,821,3457,4944,158,1833,478,98,1457,4511,872,295,338,1724,292,534,22379
2020-12-13T20:00:00+0000,586,846,3534,5029,159,1872,478,99,1479,4577,914,303,356,1796,307,549,22884
2020-12-14T20:00:00+0000,623,899,3638,5169,160,1939,481,103,1537,4717,954,307,359,1887,324,573,23670
2020-12-15T20:00:00+0000,660,928,3740,5328,163,1998,491,110,1567,4852,988,322,371,1962,341,600,24421
2020-12-16T20:00:00+0000,695,958,3833,5451,165,2052,500,111,1605,5021,1017,328,375,2048,372,633,25164
2020-12-17T20:00:00+0000,724,984,3927,5627,167,2126,514,114,1631,5161,1060,335,389,2182,392,664,25997
2020-12-18T20:00:00+0000,742,1001,3990,5690,168,2170,528,117,1657,5241,1070,336,389,2220,402,685,26406
2020-12-19T20:00:00+0000,757,1007,4021,5752,171,2216,545,119,1674,5289,1083,338,390,2279,411,694,26746
2020-12-20T20:00:00+0000,788,1024,4101,5845,172,2267,547,122,1710,5358,1112,345,397,2351,434,715,27288
2020-12-21T20:00:00+0000,825,1066,4240,5988,175,2343,549,126,1744,5543,1167,354,413,2481,471,750,28235
2020-12-22T20:00:00+0000,866,1105,4331,6127,177,2421,561,134,1795,5731,1214,358,423,2604,495,781,29123
2020-12-23T20:00:00+0000,889,1116,4390,6212,177,2490,571,134,1811,5858,1226,360,427,2694,520,813,29688
2020-12-24T20:00:00+0000,911,1118,4412,6253,177,2513,580,139,1821,5917,1245,364,432,2720,527,835,29964
2020-12-25T20:00:00+0000,920,1128,4440,6284,181,2548,584,142,1833,5962,1273,371,436,2741,535,854,30232
2020-12-26T20:00:00+0000,936,1149,4480,6356,183,2594,586,143,1853,6042,1290,382,441,2767,552,870,30624
2020-12-27T20:00:00+0000,958,1172,4579,6452,186,2662,589,151,1896,6182,1353,397,447,2861,566,887,31338
2020-12-28T20:00:00+0000,1018,1213,4675,6627,191,2768,598,160,1966,6362,1393,417,456,3021,603,950,32418
2020-12-29T20:00:00+0000,1078,1247,4832,6764,194,2879,614,170,2026,6533,1442,430,462,3175,657,984,33487
2020-12-30T20:00:00+0000,1120,1271,4875,6880,196,2961,632,171,2049,6643,1459,433,466,3312,685,1024,34177
2020-12-31T20:00:00+0000,1142,1277,4933,6924,201,2984,653,172,2062,6701,1469,443,469,3337,689,1039,34495
2021-01-01T20:00:00+0000,1171,1285,4961,6979,202,3009,658,176,2072,6799,1478,449,475,3376,703,1058,34851
2021-01-02T20:00:00+0000,1196,1305,4989,7050,204,3057,661,178,2088,6861,1489,453,478,3415,716,1074,35214
2021-01-03T20:00:00+0000,1228,1327,5109,7159,208,3128,661,189,2129,6996,1554,484,491,3455,732,1124,35974
2021-01-04T20:00:00+0000,1278,1390,5237,7404,210,3225,671,200,2183,7244,1610,503,508,3565,750,1199,37177
2021-01-05T20:00:00+0000,1341,1445,5286,7550,210,3327,695,215,2255,7454,1665,520,528,3649,792,1259,38191
2021-01-06T20:00:00+0000,1382,1487,5358,7695,210,3423,725,226,2311,7669,1717,528,544,3846,825,1307,39253
2021-01-07T20:00:00+0000,1428,1547,5478,7866,219,3515,763,234,2360,7847,1768,543,555,4067,853,1355,40398
2021-01-08T20:00:00+0000,1484,1560,5562,7974,222,3591,792,237,2383,7957,1785,551,567,4122,876,1380,41043
2021-01-09T20:00:00+0000,1508,1565,5595,8031,223,3606,817,241,2394,8030,1803,560,571,4179,899,1396,41418
2021-01-10T20:00:00+0000,1545,1591,5696,8129,226,3673,820,253,2426,8141,1867,576,579,4243,921,1414,42100
2021-01-11T20:00:00+0000,1591,1635,5795,8309,227,3797,820,259,2494,8351,1920,601,590,4359,978,1477,43203
2021-01-12T20:00:00+0000,1652,1711,5909,8464,227,3895,851,266,2553,8543,1961,615,616,4597,1012,1528,44400
2021-01-13T20:00:00+0000,1717,1755,6017,8603,227,3985,865,280,2603,8739,2013,632,627,4791,1081,1560,45495
2021-01-14T20:00:00+0000,1760,1800,6092,8723,230,4049,882,294,2655,8950,2072,654,636,5011,1121,1614,46543
2021-01-15T20:00:00+0000,1811,1822,6125,8797,231,4080,895,296,2688,9089,2085,657,639,5093,1164,1654,47126
2021-01-16T20:00:00+0000,1833,1833,6144,8854,232,4099,904,306,2706,9140,2090,658,644,5119,1200,1683,47445
2021-01-17T20:00:00+0000,1856,1860,6253,8987,237,4150,906,308,2752,9221,2131,681,654,5188,1220,1701,48105
2021-01-18T20:00:00+0000,1932,1918,6363,9153,239,4257,917,327,2831,9435,2172,698,659,5329,1275,1739,49244
2021-01-19T20:00:00+0000,2000,1957,6459,9280,240,4366,935,340,2897,9597,2219,713,673,5474,1331,1805,50286
2021-01-20T20:00:00+0000,2035,1996,6555,9451,248,4414,950,344,2939,9732,2256,734,681,5551,1392,1866,51144
2021-01-21T20:00:00+0000,2073,2021,6617,9583,250,4472,962,356,3001,9875,2306,748,693,5698,1428,1928,52011
2021-01-22T20:00:00+0000,2119,2039,6655,9707,251,4501,976,364,3024,9956,2322,751,697,5749,1445,1966,52522
2021-01-23T20:00:00+0000,2138,2040,6673,9756,253,4528,987,370,3038,10010,2328,761,700,5753,1449,1978,52762
2021-01-24T20:00:00+0000,2163,2067,6754,9842,255,4592,988,390,3083,10097,2365,786,711,5829,1490,2023,53435
2021-01-25T20:00:00+0000,2217,2101,6837,9999,257,4679,990,400,3138,10276,2416,807,715,5956,1575,2082,54445
2021-01-26T20:00:00+0000,2282,2164,6918,10121,260,4748,1003,413,3209,10397,2449,828,725,6067,1630,2143,55357
2021-01-27T20:00:00+0000,2317,2195,6977,10262,266,4816,1029,424,3255,10538,2494,847,736,6194,1679,2175,56204
2021-01-28T20:00:00+0000,2362,2235,7073,10383,267,4871,1037,443,3311,10679,2537,865,747,6308,1735,2203,57056
2021-01-29T20:00:00+0000,2408,2264,7101,10448,269,4894,1066,448,3338,10765,2546,882,751,6338,1759,2243,57520
2021-01-30T20:00:00+0000,2419,2276,7127,10483,269,4925,1071,451,3346,10839,2561,893,752,6347,1768,2261,57788
2021-01-31T20:00:00+0000,2431,2293,7204,10551,274,4985,1073,474,3388,10936,2609,921,759,6426,1802,2281,58407
2021-02-01T20:00:00+0000,2495,2326,7271,10819,279,5074,1074,480,3453,11075,2653,950,765,6531,1843,2312,59400
2021-02-02T20:00:00+0000,2541,2374,7316,10961,284,5133,1097,506,3518,11241,2684,969,772,6589,1891,2350,60226
2021-02-03T20:00:00+0000,2580,2418,7375,11063,286,5182,1097,520,3580,11343,2710,989,780,6643,1954,2368,60888
2021-02-04T20:00:00+0000,2605,2453,7430,11180,289,5247,1120,543,3638,11467,2752,1010,790,6779,1986,2383,61672
2021-02-05T20:00:00+0000,2651,2466,7444,11213,291,5264,1140,545,3659,11531,2759,1016,792,6802,2002,2400,61975
2021-02-06T20:00:00+0000,2653,2470,7465,11246,293,5278,1143,554,3668,11569,2763,1019,795,6834,2004,2408,62162
2021-02-07T20:00:00+0000,2661,2485,7534,11302,297,5312,1145,572,3720,11653,2800,1043,797,6860,2020,2420,62621
2021-02-08T20:00:00+0000,2701,2506,7598,11412,305,5371,1148,586,3776,11735,2834,1067,805,6948,2034,2455,63281
2021-02-09T20:00:00+0000,2742,2556,7642,11537,305,5423,1158,595,3809,11861,2860,1088,814,7030,2085,2494,63999
2021-02-10T20:00:00+0000,2779,2573,7704,11630,306,5456,1167,601,3857,11937,2880,1103,818,7095,2103,2513,64522
2021-02-11T20:00:00+0000,2792,2597,7745,11706,307,5497,1178,613,3903,12014,2907,1126,824,7162,2129,2595,65095
2021-02-12T20:00:00+0000,2816,2605,7771,11792,310,5522,1188,615,3924,12090,2911,1133,825,7178,2147,2615,65442
2021-02-13T20:00:00+0000,2821,2609,7784,11825,312,5532,1196,621,3930,12117,2913,1137,826,7192,2150,2623,65588
2021-02-14T20:00:00+0000,2833,2620,7834,11860,315,5566,1196,629,3957,12160,2945,1161,836,7251,2171,2644,65978
2021-02-15T20:00:00+0000,2858,2645,7876,11946,317,5618,1197,657,4012,12265,2966,1183,839,7293,2205,2681,66558
2021-02-16T20:00:00+0000,2887,2670,7899,11989,318,5661,1202,664,4084,12391,2985,1195,843,7344,2241,2719,67092
2021-02-17T20:00:00+0000,2903,2702,7945,12065,321,5700,1206,680,4107,12470,3003,1202,848,7399,2273,2741,67565
2021-02-18T20:00:00+0000,2919,2720,7977,12167,324,5728,1210,685,4165,12570,3030,1211,859,7493,2302,2769,68129
2021-02-19T20:00:00+0000,2926,2727,7992,12193,327,5769,1216,689,4183,12623,3032,1211,861,7500,2320,2787,68356
2021-02-20T20:00:00+0000,2932,2728,7994,12208,328,5777,1223,692,4188,12643,3034,1216,862,7517,2321,2792,68455
2021-02-21T20:00:00+0000,2938,2740,8023,12247,330,5791,1223,703,4222,12680,3065,1236,862,7558,2349,2808,68775
2021-02-22T20:00:00+0000,2959,2766,8053,12304,331,5846,1224,714,4273,12769,3084,1253,867,7588,2376,2829,69236
2021-02-23T20:00:00+0000,2970,2781,8068,12356,331,5889,1235,719,4308,12842,3107,1270,872,7632,2398,2854,69632
2021-02-24T20:00:00+0000,2986,2805,8096,12404,335,5908,1251,727,4339,12922,3116,1281,882,7671,2415,2878,70016
2021-02-25T20:00:00+0000,3004,2814,8124,12445,340,5926,1257,736,4368,13011,3137,1289,885,7774,2438,2903,70451
2021-02-26T20:00:00+0000,3012,2818,8129,12457,341,5936,1263,739,4381,13053,3139,1291,885,7812,2450,2926,70632
2021-02-27T20:00:00+0000,3016,2818,8134,12470,343,5943,1270,739,4385,13064,3141,1295,886,7827,2455,2929,70715
2021-02-28T20:00:00+0000,3022,2825,8162,12490,347,5968,1272,746,4408,13107,3157,1310,888,7861,2456,2936,70955
2021-03-01T20:00:00+0000,3049,2850,8203,12531,348,5981,1278,752,4451,13183,3174,1316,890,7914,2480,2954,71354
2021-03-02T20:00:00+0000,3073,2862,8238,12592,352,6014,1287,757,4490,13241,3180,1323,895,7963,2495,2977,71739
2021-03-03T20:00:00+0000,3087,2874,8262,12630,357,6030,1296,766,4504,13304,3189,1327,902,8003,2511,2992,72034
2021-03-04T20:00:00+0000,3092,2889,8303,12683,365,6043,1301,774,4531,13356,3194,1332,906,8035,2520,3006,72330
2021-03-05T20:00:00+0000,3110,2892,8316,12710,367,6057,1306,775,4541,13389,3196,1337,906,8051,2529,3018,72500
2021-03-06T20:00:00+0000,3115,2894,8321,12723,367,6068,1312,776,4542,13399,3198,1339,906,8054,2529,3019,72562
2021-03-07T20:00:00+0000,3117,2895,8346,12745,368,6080,1312,785,4553,13430,3204,1347,909,8072,2541,3023,72727
2021-03-08T20:00:00+0000,3135,2902,8370,12777,370,6101,1312,789,4579,13482,3209,1357,917,8110,2556,3047,73013
2021-03-09T20:00:00+0000,3147,2918,8399,12810,375,6116,1312,792,4613,13519,3221,1365,920,8145,2576,3071,73299
2021-03-10T20:00:00+0000,3152,2928,8427,12845,378,6132,1314,800,4639,13591,3227,1374,923,8171,2597,3092,73590
2021-03-11T20:00:00+0000,3160,2933,8446,12875,378,6153,1324,804,4662,13635,3239,1378,926,8189,2615,3105,73822
2021-03-12T20:00:00+0000,3172,2934,8455,12891,378,6161,1328,806,4676,13656,3240,1380,926,8196,2619,3117,73935
2021-03-13T20:00:00+0000,3174,2934,8463,12899,378,6168,1332,806,4678,13671,3241,1381,926,8196,2621,3118,73986
2021-03-14T20:00:00+0000,3177,2942,8474,12919,379,6181,1332,811,4702,13703,3250,1390,929,8205,2624,3123,74141
2021-03-15T20:00:00+0000,3206,2947,8509,12961,382,6206,1332,816,4734,13757,3256,1396,929,8228,2643,3161,74463
2021-03-16T20:00:00+0000,3226,2956,8532,12981,386,6224,1337,820,4760,13805,3262,1400,929,8249,2653,3188,74708
2021-03-17T20:00:00+0000,3238,2967,8555,13002,391,6235,1337,824,4784,13837,3272,1403,929,8264,2663,3204,74905
2021-03-18T20:00:00+0000,3249,2985,8577,13031,391,6249,1342,825,4803,13870,3280,1407,931,8276,2671,3216,75103
2021-03-19T20:00:00+0000,3259,2991,8582,13045,392,6264,1343,828,4812,13901,3281,1410,931,8283,2677,3226,75225
2021-03-20T20:00:00+0000,3263,2992,8584,13056,392,6271,1348,828,4815,13911,3287,1412,931,8299,2678,3234,75301
2021-03-21T20:00:00+0000,3265,2998,8598,13072,396,6277,1349,832,4833,13944,3292,1417,934,8319,2684,3238,75448
2021-03-22T20:00:00+0000,3276,3011,8621,13111,397,6298,1355,838,4847,13993,3310,1420,934,8362,2703,3265,75741
2021-03-23T20:00:00+0000,3287,3023,8638,13153,398,6316,1358,840,4872,14022,3315,1423,935,8370,2713,3281,75944
2021-03-24T20:00:00+0000,3296,3026,8657,13177,402,6350,1364,844,4886,14058,3325,1426,937,8385,2721,3294,76148
2021-03-25T20:00:00+0000,3298,3030,8674,13208,402,6372,1369,845,4898,14097,3334,1429,939,8405,2727,3309,76336
2021-03-26T20:00:00+0000,3300,3036,8680,13218,402,6383,1372,848,4901,14119,3335,1429,939,8415,2739,3321,76437
2021-03-27T20:00:00+0000,3304,3039,8693,13224,402,6389,1372,849,4905,14132,3336,1431,939,8415,2741,3330,76501
2021-03-28T19:00:00+0000,3306,3043,8709,13243,404,6396,1372,860,4930,14151,3346,1432,939,8423,2745,3336,76635
2021-03-29T19:00:00+0000,3318,3047,8731,13284,406,6423,1372,865,4950,14197,3353,1435,941,8442,2751,3350,76865
2021-03-30T19:00:00+0000,3330,3055,8752,13321,407,6436,1378,877,4958,14241,3358,1440,942,8456,2761,3360,77072
2021-03-31T19:00:00+0000,3335,3071,8777,13343,407,6451,1382,879,4978,14285,3364,1442,942,8478,2768,3378,77280
2021-04-01T19:00:00+0000,3338,3081,8783,13367,407,6459,1393,880,4986,14316,3369,1443,942,8511,2776,3404,77455
2021-04-02T19:00:00+0000,3342,3082,8789,13373,407,6468,1397,882,4988,14338,3371,1444,943,8521,2783,3410,77538
2021-04-03T19:00:00+0000,3346,3086,8795,13385,408,6471,1397,882,4992,14345,3373,1445,943,8522,2788,3417,77595
2021-04-04T19:00:00+0000,3351,3086,8804,13398,410,6476,1397,883,4995,14360,3376,1447,943,8523,2791,3423,77663
2021-04-05T19:00:00+0000,3353,3090,8845,13425,412,6504,1398,886,5011,14410,3389,1451,945,8537,2804,3438,77898
2021-04-06T19:00:00+0000,3378,3098,8877,13469,415,6529,1398,890,5043,14467,3398,1452,948,8561,2824,3463,78210
2021-04-07T19:00:00+0000,3388,3110,8914,13505,416,6553,1404,898,5074,14512,3412,1459,949,8591,2837,3487,78509
2021-04-08T19:00:00+0000,3395,3122,8953,13532,419,6569,1406,899,5094,14562,3426,1462,949,8626,2854,3507,78775
2021-04-09T19:00:00+0000,3399,3123,8966,13556,420,6586,1409,903,5105,14598,3430,1464,949,8643,2871,3528,78950
2021-04-10T19:00:00+0000,3399,3123,8971,13578,421,6590,1411,907,5110,14609,3433,1464,949,8646,2874,3543,79028
2021-04-11T19:00:00+0000,3407,3127,9000,13612,425,6609,1412,914,5116,14647,3444,1470,952,8660,2892,3546,79233
2021-04-12T19:00:00+0000,3434,3128,9027,13656,428,6638,1412,916,5160,14716,3452,1471,955,8710,2918,3576,79597
2021-04-13T19:00:00+0000,3446,3134,9054,13708,428,6654,1421,920,5184,14777,3462,1474,956,8740,2928,3602,79888
2021-04-14T19:00:00+0000,3462,3143,9077,13749,433,6672,1423,922,5199,14830,3471,1476,958,8777,2949,3635,80176
2021-04-15T19:00:00+0000,3461,3147,9106,13780,436,6692,1427,927,5211,14878,3481,1477,958,8815,2960,3665,80421
2021-04-16T19:00:00+0000,3469,3150,9121,13804,436,6700,1429,926,5215,14906,3485,1478,958,8823,2961,3688,80549
2021-04-17T19:00:00+0000,3475,3150,9125,13819,436,6710,1431,927,5217,14923,3488,1478,959,8826,2963,3688,80615
2021-04-18T19:00:00+0000,3480,3153,9159,13838,437,6733,1431,934,5225,14969,3501,1484,960,8850,3002,3691,80847
2021-04-19T19:00:00+0000,3491,3163,9186,13880,441,6764,1434,946,5253,15043,3519,1489,960,8865,3014,3714,81162
2021-04-20T19:00:00+0000,3501,3169,9211,13933,443,6780,1438,950,5275,15113,3526,1492,961,8903,3037,3729,81461
2021-04-21T19:00:00+0000,3506,3175,9231,13970,444,6797,1442,956,5288,15173,3543,1499,962,8957,3049,3740,81732
2021-04-22T19:00:00+0000,3514,3180,9258,14022,445,6814,1447,962,5305,15217,3554,1500,964,9003,3066,3766,82017
2021-04-23T19:00:00+0000,3519,3187,9277,14051,446,6829,1456,964,5315,15254,3554,1500,965,9026,3072,3779,82194
2021-04-24T19:00:00+0000,3525,3188,9283,14061,447,6840,1461,967,5318,15265,3554,1501,965,9033,3075,3788,82271
2021-04-25T19:00:00+0000,3527,3193,9320,14078,448,6854,1461,976,5333,15298,3563,1505,968,9087,3087,3788,82486
2021-04-26T19:00:00+0000,3540,3201,9355,14122,452,6876,1467,980,5351,15365,3572,1507,969,9108,3100,3800,82765
2021-04-27T19:00:00+0000,3540,3201,9355,14122,452,6876,1467,980,5351,15365,3572,1507,969,9108,3100,3800,82765
2021-04-28T08:00:00+0000,3540,3201,9355,14122,452,6876,1467,980,5351,15365,3572,1507,969,9108,3100,3800,82765
